id,skip_count,name,status_name,chapter_count
153594,8,The Noexistencen Of You And Me: Nếu Ta Có Ngươi,Hoàn thành,37
100401,7,Đại Chúa Tể Tiền Truyện,Hoàn thành,52
100450,7,Ta Thật Chỉ Là Muốn Tìm Chết,Hoàn thành,112
100475,7,Vạn Giới Ra Mắt Hệ Thống,Hoàn thành,57
100480,7,Tỳ Nhan,Hoàn thành,27
100484,7,Vạn Năng Cố Vấn,Hoàn thành,84
100486,7,Hệ Thống Cung Hóa Thương,Hoàn thành,84
100495,7,Ta Đoạt Quỷ Vương Nữ Nhân,Hoàn thành,112
100693,7,Hàng Long Giác Tỉnh,Hoàn thành,97
100807,7,Nhất Niệm Sâm La,Hoàn thành,108
100970,7,Lục Tích Chi Đại Hoang Tế,Hoàn thành,75
101066,7,Lục Tích Chi Mộng Yểm Cung,Hoàn thành,80
101072,7,Nguyện Vọng Thiên Thư,Hoàn thành,89
101091,7,Toàn Chức Y Thánh,Hoàn thành,119
101133,7,Nghịch Phạt Tinh Hà,Hoàn thành,107
101141,7,Tam Giới Thánh Sư,Hoàn thành,29
101157,7,Quỷ Bí Thần Thám,Hoàn thành,120
101255,7,Ta Có Thể Hút Ngươi Tạo Hóa,Hoàn thành,80
101376,7,Nguyên Thế Giới Chi Thiên Diễn,Hoàn thành,88
101393,7,Đấu La Đại Lục Chi Đường Môn Anh Hùng,Hoàn thành,92
101399,7,Toàn Dân Tu Võ,Hoàn thành,45
101419,7,Nỗ Lực Thực Hữu Dụng,Hoàn thành,58
101441,7,Tam Thể,Hoàn thành,38
101445,7,Hắn Đến Từ Địa Ngục,Hoàn thành,110
101632,7,Đô Thị Âm Dương Thiên Sư,Hoàn thành,102
101708,7,Thập Tông Tội 1,Hoàn thành,59
101710,7,Thập Tông Tội 2,Hoàn thành,56
101711,7,Thập Tông Tội 3,Hoàn thành,53
101722,7,Triều Nội 81 Hào,Hoàn thành,60
101836,7,Lão Tử Là Thiên Đế,Hoàn thành,97
100112,6,Lục Nhân Tuệ Tinh,Hoàn thành,375
100115,6,Trọng Sinh Chi Mộng Huyễn Xạ Thủ,Hoàn thành,294
100123,6,Sân Bóng Libero,Hoàn thành,323
100125,6,Vương Triêu Trọng Hiện,Hoàn thành,229
100137,6,Comic Chi Anh Hùng Guyver,Hoàn thành,323
100141,6,Bắt Đầu Từ Hôm Nay Làm Đại Phản Phái,Hoàn thành,329
100179,6,Phá Vỡ Hokage,Hoàn thành,316
100183,6,Pokemon Chi Ta Chính Thê Là Cynthia,Hoàn thành,297
100184,6,Hokage Chi Ma Vương Tiến Hóa Luận,Hoàn thành,341
100186,6,Dragon Ball Chi Hành Trình Về Nhà,Hoàn thành,347
100187,6,Hokage Chi Vũ Thần Hệ Thống,Hoàn thành,360
100188,6,Vô Hạn Hộ Hoa,Hoàn thành,371
100209,6,Hokage Ninja Chi Tenseigan,Hoàn thành,269
100215,6,Võng Du Chi Tiến Hóa,Hoàn thành,362
100216,6,One Piece Chi La Lỵ Dưỡng Thành Hệ Thống,Hoàn thành,316
100218,6,Hokage Chi Gensokyo Đại Đệ Tử,Hoàn thành,364
100232,6,Võng Du Chi Siêu Thần Áo Giáp Đại Sư,Hoàn thành,399
100268,6,Hồng Hoang Chi Hồ Lô Đằng Hệ Thống,Hoàn thành,399
100312,6,Tiểu Long Nữ: Ta Sư Huynh Thật Cứng,Hoàn thành,181
100334,6,Đồng Thuật Trong Thế Giới Marvel,Hoàn thành,325
100337,6,Phần Tịch Tinh Không,Hoàn thành,342
100340,6,Siêu Thứ Nguyên Trừu Tưởng,Hoàn thành,311
100346,6,Vạn Giới Trực Bá Chi Quân Lâm Thiên Hạ,Hoàn thành,302
100348,6,Trọng Sinh Chi Boxing Sát Thủ,Hoàn thành,388
100357,6,Cổ Kiếm Đồ Ma Lục,Hoàn thành,138
100428,6,Thần Lan Kỳ Vực Vô Song Châu,Hoàn thành,167
100433,6,Bắt Đầu Trăm Vạn Linh Thạch,Hoàn thành,308
100445,6,Học Tỷ Của Ta Biết Ma Pháp,Hoàn thành,278
100446,6,Tạo Hóa Đồ,Hoàn thành,285
100447,6,Vân Thiên Đế,Hoàn thành,277
100448,6,Sử Thượng Đệ Nhất Mật Thám,Hoàn thành,382
100455,6,Cựu Nhật Chúa Tể,Hoàn thành,382
100462,6,Tiên Môn Oai Đạo,Hoàn thành,253
100467,6,Âm Ti Thăng Chức,Hoàn thành,300
100477,6,Binh Vương Chi Siêu Cấp Thấu Thị,Hoàn thành,334
100482,6,Muội Muội Ta Là Thiếu Tư Mệnh,Hoàn thành,125
100485,6,Tam Quốc Chi Ưu Hóa Hệ Thống,Hoàn thành,265
100487,6,Dị Thế Mạnh Nhất Chiến Tiên Hệ Thống,Hoàn thành,315
100489,6,Xuyên Việt Chi Vạn Năng Giả,Hoàn thành,272
100491,6,Vạn Năng Liên Tiếp Khí,Hoàn thành,147
100493,6,Hắc Khoa Kỹ Cung Ứng Thương,Hoàn thành,349
100494,6,Trọng Sinh Chi Mạnh Nhất Linh Kiếm,Hoàn thành,321
100496,6,Mị Hoặc Đế Vương Tâm: Đệ Nhất Sủng Phi,Hoàn thành,321
100501,6,Ta Cung Hóa Thương Là Chủ Thần,Hoàn thành,382
100504,6,Tận Thế Cực Hạn Tìm Đường Chết,Hoàn thành,351
100505,6,Chung Cực Vạn Năng Thăng Cấp Hệ Thống,Hoàn thành,354
100509,6,Dị Giới Chi Ác Ma Thợ Săn,Hoàn thành,378
100513,6,Ta Là Nội Y Cuồng,Hoàn thành,359
100514,6,Cửu Giai Hacker,Hoàn thành,351
100519,6,Giống Như Cao Thủ Ở Dị Giới,Hoàn thành,380
100521,6,Ta Có Vô Hạn Thanh Trang Bị,Hoàn thành,219
100522,6,Kêu Gọi Ta A,Hoàn thành,367
100525,6,Cự Long Chiến Kỷ,Hoàn thành,407
100530,6,Siêu Phàm Người Chơi,Hoàn thành,393
100534,6,Ác Ma Pháp Điển,Hoàn thành,160
100595,6,Tối Cường Hố Hàng Học Sinh,Hoàn thành,366
100608,6,Mệnh Vận Du Hí Chi Đế Quốc Quật Khởi,Hoàn thành,164
100612,6,Đại Chế Dược Sư Hệ Thống,Hoàn thành,310
100618,6,Thính Linh Sư,Hoàn thành,378
100620,6,Ta Muốn Làm Người Tốt,Hoàn thành,170
100624,6,Vô Địch Tiên Tôn Đô Thị Tung Hoành,Hoàn thành,199
100647,6,Ai Lĩnh Khen Thưởng Của Ta,Hoàn thành,287
100656,6,Ta Có Một Bộ Đại Đế Phân Thân,Hoàn thành,376
100675,6,Võng Du Chi Thần Cấp Virus Sư,Hoàn thành,389
100685,6,Ta Có Thể Thăng Cấp Thiên Phú A!,Hoàn thành,354
100686,6,Onepiece Chi Loạn Nhập Hệ Thống,Hoàn thành,367
100707,6,Marvel Vô Song,Hoàn thành,163
100711,6,Sử Thượng Mạnh Nhất Thánh Tử,Hoàn thành,271
100719,6,Bạn Ngồi Cùng Bàn Hung Mãnh,Hoàn thành,270
100752,6,Hỏa Ảnh Chi Cái Hệ Thống Bất Lương,Hoàn thành,205
100754,6,Wifi Tu Tiên,Hoàn thành,232
100755,6,Tối Cường Yêu Nghiệt Đường Tăng,Hoàn thành,207
100764,6,Thiên Đạo Tàng Kinh Các,Hoàn thành,355
100784,6,Tuyệt Thế Yêu Đế,Hoàn thành,361
100789,6,Tê Thiên Kỷ,Hoàn thành,368
100801,6,Ta Có Thể Khống Chế Đan Điền,Hoàn thành,281
100809,6,Ta Chỉ Nghĩ Ăn Lợi Tức,Hoàn thành,332
100811,6,Hồng Hoang Chi Ta Ở Tây Du Đánh Dấu,Hoàn thành,377
100814,6,Bắt Đầu Từ Max Cấp Thuộc Tính,Hoàn thành,316
100818,6,Tối Cường Internet Thần Hào,Hoàn thành,363
100819,6,Đô Thị Chi Hệ Thống Đại Trừu Tưởng,Hoàn thành,325
100839,6,Ta Xem Bói Bằng Wechat,Hoàn thành,388
100843,6,Trùng Sinh Tiểu Thuyết Phản Phái Công Tử,Hoàn thành,348
100848,6,Làm Thần Linh Tại Nhật Bản,Hoàn thành,251
100854,6,Pokemon Tùy Thân Mang Theo Master Ball,Hoàn thành,387
100858,6,Pokemon Tối Cường Giải Trí Quán Quân,Hoàn thành,264
100870,6,"Phu Nhân, Ta Yêu Mến Các Người A",Hoàn thành,260
100871,6,"Kỵ Sĩ Vương, Ta Bạn Gái Trước",Hoàn thành,294
100873,6,Trái Ác Quỷ Thành Tinh Rồi,Hoàn thành,296
100919,6,Ta Có Chư Thiên Vạn Giới Đồ,Hoàn thành,308
100924,6,Ta Nữ Phù Thuỷ Các Muội Muội,Hoàn thành,200
100950,6,Hòa Vũ Không Nhất Khởi Du Long Châu,Hoàn thành,280
100957,6,Somalia Đại Lãnh Chúa,Hoàn thành,301
100968,6,Loạn Tiên,Hoàn thành,292
100969,6,Nhân Giới Thứ Nhất Tiên,Hoàn thành,306
100980,6,Tu Tiên Chúa Tể Ở Đô Thị,Hoàn thành,385
100981,6,Vi Khuẩn Tu Tiên,Hoàn thành,394
101001,6,Ta Có Thể Vô Hạn Cường Hóa,Hoàn thành,400
101005,6,Nho Nhã Hiền Hoà Ta Không Phải Ma Đầu,Hoàn thành,338
101058,6,Trọng Sinh Ngộ Không Tu Yêu Lục,Hoàn thành,268
101060,6,Siêu Cấp Quang Não Hệ Thống,Hoàn thành,249
101070,6,Trọng Sinh Chi Đế Bá Tinh Không,Hoàn thành,215
101073,6,Võ Đạo Tiên Nông,Hoàn thành,236
101074,6,Tín Ngưỡng Vạn Tuế,Hoàn thành,327
101080,6,Tương Lai 100 Triệu Năm,Hoàn thành,243
101082,6,Tuyệt Đối Hư Cấu,Hoàn thành,186
101087,6,Cực Đạo Chủ,Hoàn thành,302
101098,6,Ngẫu Nhiên Trừng Phạt Khán Giả May Mắn,Hoàn thành,273
101103,6,Xuyên Qua Đại Tần Làm Bạo Quân,Hoàn thành,350
101106,6,Ta Có Một Cái Tiến Hóa Điểm,Hoàn thành,340
101129,6,Thần Cấp Y Viện,Hoàn thành,199
101135,6,Hokage Chi Ảnh Hoàng,Hoàn thành,253
101144,6,Phàm Nhân Tru Tiên Duyên,Hoàn thành,377
101146,6,Ta Có Chín Cái Nữ Đế Tỷ Tỷ,Hoàn thành,304
101148,6,Đại Đường Đệ Nhất Hùng Hài Tử,Hoàn thành,241
101149,6,Vạn Kiếm Chúa Tể,Hoàn thành,331
101189,6,Lão Bà Ta Là Nữ Tông Chủ,Hoàn thành,387
101200,6,Tối Cường Nông Dân Trang Bức Hệ Thống,Hoàn thành,359
101201,6,Hướng Về Làng Giải Trí Nã Pháo,Hoàn thành,346
101211,6,Sống Lại Làm Anime Đế Quốc,Hoàn thành,311
101212,6,Đại Tần Thần Cấp Lỗ Ban,Hoàn thành,312
101221,6,Marvel Thương Lôi Chi Ảnh,Hoàn thành,256
101248,6,Du Nhàn Đại Địa Chủ,Hoàn thành,362
101249,6,Thần Sủng Hàng Lâm,Hoàn thành,384
101260,6,Nhà Ta Bạn Gái Là Siêu Sao,Hoàn thành,317
101262,6,Ta Thành Huyền Huyễn Thế Giới Tổ Sư Gia,Hoàn thành,205
101263,6,Marvel: Vô Hạn Dị Năng,Hoàn thành,319
101284,6,Hokage Chi Uy Chấn Thiên Hạ,Hoàn thành,341
101294,6,Vô Hạn Chi Zombie,Hoàn thành,405
101296,6,Mạnh Nhất Siêu Cấp Anh Hùng,Hoàn thành,369
101339,6,Trộm Món Ăn Hệ Thống,Hoàn thành,246
101340,6,Siêu Năng Lực Gien Cải Tạo,Hoàn thành,225
101344,6,Bán Ra Tương Lai,Hoàn thành,355
101346,6,Hokage Chi Vô Tận Trang Độn,Hoàn thành,210
101352,6,Trường Đạo Tạo Thần Tiên Chức Nghiệp,Hoàn thành,365
101360,6,Cực Phẩm Phụ Trợ Hệ Thống,Hoàn thành,403
101365,6,Yêu Hầu Ngộ Không,Hoàn thành,402
101366,6,Đấu Phá Chi Phương Xa Uchiha,Hoàn thành,274
101370,6,Dragon Ball Chi Siêu Cấp Tiên Đậu,Hoàn thành,230
101377,6,Đấu La Đại Lục Chi Rinnegan,Hoàn thành,381
101392,6,Phục Thiên Kiếm Tôn,Hoàn thành,251
101394,6,Đại Sư Cứu Mạng,Hoàn thành,254
101395,6,Tu La Giác Tỉnh,Hoàn thành,158
101401,6,Siêu Thần Cảm Ứng,Hoàn thành,288
101402,6,Vấn Đạo Chương,Hoàn thành,331
101413,6,Hải Tặc Chi Thành Tựu Hệ Thống,Hoàn thành,358
101421,6,Đại Đạo Từ Tâm,Hoàn thành,223
101423,6,Nghịch Võ Chi Tôn,Hoàn thành,267
101440,6,Hứa Tiên Bá Đồ,Hoàn thành,234
101442,6,Hỏa Ảnh Chi Lăng Thiên Kiếm Đạo,Hoàn thành,341
101446,6,Thôn Phệ Vạn Giới,Hoàn thành,341
101466,6,Từ Giờ Phút Này Bắt Đầu Khiến Cho Thế Giới Cảm Thụ Thống Khổ,Hoàn thành,349
101477,6,Phật Bản Thị Đạo,Hoàn thành,262
101478,6,Thôn Phệ Tinh Không Hậu Truyện,Hoàn thành,168
101496,6,Sủng Vật Của Ta Là Boss,Hoàn thành,336
101501,6,Siêu Thần Tinh Thẻ Sư,Hoàn thành,356
101547,6,Ma Pháp Sư,Hoàn thành,359
101553,6,Đại Chưởng Môn Hệ Thống,Hoàn thành,377
101565,6,Yêu Nghiệt Quật Khởi Lục,Hoàn thành,196
101588,6,One Piece Ta Có 999 Trái Ác Quỷ,Hoàn thành,308
101600,6,Hokage Giới Ninja Trùm Phản Diện,Hoàn thành,241
101640,6,Tiêu Diêu Túy Thế Lục,Hoàn thành,183
101645,6,Đô Thị Chi Tối Ngưu Tu Tiên,Hoàn thành,256
101646,6,Trọng Sinh Chi Tán Tài Hệ Thống,Hoàn thành,389
101679,6,Thần Cấp Trò Chơi Ở Cổ Đại,Hoàn thành,368
101681,6,Vô Hạn Cắn Nuốt Cự Thú,Hoàn thành,265
101690,6,Quỷ Thần Quán Net,Hoàn thành,206
101693,6,Ta Wechat Group Nối Liền Tam Giới,Hoàn thành,321
101699,6,Ngẫu Nhiên Từ Hải Tặc Bắt Đầu,Hoàn thành,304
101706,6,Một Quyền Nháy Mắt Hạ Gục Hệ Thống,Hoàn thành,347
101713,6,Quyền Hoàng Chi Mộng,Hoàn thành,403
101714,6,Hắc Ám Chấp Pháp Quan,Hoàn thành,406
101721,6,Bắt Đầu Giết Chóc,Hoàn thành,345
101729,6,Đô Thị Tối Cường Tiện Nhân Chủ Bá,Hoàn thành,390
101731,6,Những Năm Đó Ta Bán Hung Trạch,Hoàn thành,309
101749,6,Kuroko No Basket Tống Mạn Hệ Thống,Hoàn thành,284
101750,6,Long Chau Chi Người Saiya Bản Năng,Hoàn thành,224
101756,6,Vạn Năng Sửa Chữa Phô,Hoàn thành,363
101759,6,Long Châu Cực Hạn Đột Phá,Hoàn thành,282
101762,6,Long Châu Chi Tối Cường Sharingan,Hoàn thành,345
101764,6,Thám Tử Conan Chi Đại Thúc,Hoàn thành,256
101767,6,Long Châu Tối Cường Krillin,Hoàn thành,395
101773,6,Detective Conan Chủ Tiệm Cà Phê,Hoàn thành,265
101777,6,Bám Thân Mạnh Nhất Songoku,Hoàn thành,287
101784,6,Em Gái Của Ta Là Umaru,Hoàn thành,318
101786,6,Kuroko Mạnh Nhất Cầu Thần,Hoàn thành,223
101791,6,Slytherin Ma Chú Vương Tử,Hoàn thành,382
101798,6,Konoha Shiranui Genma,Hoàn thành,400
101801,6,Đấu La Chi Băng Hoàng,Hoàn thành,345
101805,6,Slamdunk Chi Ikegami Ryoji,Hoàn thành,274
101824,6,Tối Cường Thổ Hào Đả Kiểm Hệ Thống,Hoàn thành,208
101828,6,Cộng Sinh Giới Chỉ,Hoàn thành,239
101833,6,Hải Tặc Vương Chi Tối Cường Chi Đồng,Hoàn thành,302
101838,6,Vô Địch Thôn Phệ Hệ Thống,Hoàn thành,393
101842,6,Hổ Chi Dực,Hoàn thành,250
101843,6,Trọng Sinh Chi Hương Thôn Dưỡng Trư,Hoàn thành,333
101844,6,Thiên Giới Gian Thương,Hoàn thành,318
101846,6,Thần Cấp Diệp Lương Thần,Hoàn thành,226
101848,6,Fairy Tail Chi Huyễn Tưởng Tạo Hình Sư,Hoàn thành,268
101849,6,Dưỡng Một Con Mèo,Hoàn thành,346
101850,6,Ta Tại Tiên Phàm Lưỡng Giới Tăng Tốc Độ,Hoàn thành,336
101854,6,Hokage Chi Giãy Giụa Vận Mệnh,Hoàn thành,251
101856,6,Hải Tặc Vương Chi Đại Thần Buggy,Hoàn thành,391
101858,6,Hokage Chi Đại Triệu Hoán Sư,Hoàn thành,303
101859,6,Hải Tặc Chi Mạnh Nhất Hải Vương,Hoàn thành,271
101860,6,Đại Hải Tặc Doflamingo,Hoàn thành,324
101864,6,Hải Tặc Chi Vương Giả Lộ,Hoàn thành,251
101865,6,Hokage Tù Binh,Hoàn thành,360
101868,6,Hunter X Hunter Vương Tọa,Hoàn thành,353
101871,6,Hải Tặc Chi Ta Có Thể Đánh Quái,Hoàn thành,280
101874,6,Hải Tặc Mạnh Nhất Người Buôn Bán,Hoàn thành,398
100106,5,Tất Sát Túc Cầu,Hoàn thành,444
100108,5,Siêu Cấp Cầu Thủ Chạy Cánh,Hoàn thành,427
100124,5,Gôn Thần,Hoàn thành,412
100143,5,Giới Bóng Đá Tiểu Tướng,Hoàn thành,427
100282,5,Võng Du: Ta Skill Bị Động Nhiều Lắm,Hoàn thành,421
100463,5,Tuyệt Thế Tiêu Viêm,Hoàn thành,437
100498,5,Cuồng Bạo Công Lược Hệ Thống,Hoàn thành,426
100507,5,Ma Pháp Thợ Săn Thần Chi Truyền Thuyết,Hoàn thành,337
100526,5,Võng Du Chi Long Kỵ Vô Song,Hoàn thành,422
100532,5,Khởi Động Lại Trò Chơi Thời Đại,Hoàn thành,417
100537,5,Làm Bộ Là Cái Boss,Hoàn thành,418
100583,5,Tri Thức Của Ta Có Thể Bán Ra Tiền,Hoàn thành,408
100591,5,Từ Rút Đao Bắt Đầu Hokage Thế Giới,Hoàn thành,434
100652,5,Ta Có Thể Tùy Cơ Hội Lựa Chọn,Hoàn thành,410
100672,5,Đấu La Chi Ngạo Thế,Hoàn thành,419
100699,5,Hogwarts Độc Trứng Gà,Hoàn thành,411
100713,5,Chiến Thần Tiểu Nông Dân,Hoàn thành,444
100751,5,Thì Không Thương Nhân Vị Diện Túng Hoành,Hoàn thành,442
100759,5,Siêu Thần Học Viện Chi Hư Không Kim Dực,Hoàn thành,423
100769,5,Hồng Hoang Hỗn Độn Ma Viên,Hoàn thành,412
100837,5,Trong Đầu Ta Có Vạn Giới,Hoàn thành,414
100928,5,Ta Mang Cửa Hàng Chuyển Kiếp,Hoàn thành,430
100930,5,Người Nguyên Thủy Ta Đến Từ Trái Đất,Hoàn thành,415
100956,5,Vạn Giới Qidian,Hoàn thành,433
101126,5,Vạn Cổ Đệ Nhất Cường Giả,Hoàn thành,413
101252,5,Yêu Hoàng Thần Sủng Tiến Hóa Hệ Thống,Hoàn thành,416
101319,5,Thảm Cỏ Xanh Thánh Phụ,Hoàn thành,422
101323,5,Cốt Vương Vạn Năng Tiệm Tạp Hóa,Hoàn thành,423
101338,5,Gian Phòng Ta Có Cái Tinh Tế Chiến Trường,Hoàn thành,443
101404,5,Tối Cường Phản Phái Kiếm Thần,Hoàn thành,422
101450,5,Thằng Hề Trò Chơi,Hoàn thành,419
101506,5,Siêu Thời Không Bình Trắc,Hoàn thành,416
101593,5,Đô Thị Thần Hào Tầm Mỹ Hệ Thống,Hoàn thành,423
101594,5,Tận Thế Chi Bạo Lực Triệu Hoán Sư,Hoàn thành,429
101649,5,Từ Lúc Bắt Đầu Liền Vô Địch,Hoàn thành,440
101683,5,Hải Tặc Chi Ninja Hào,Hoàn thành,429
101717,5,Tà Phái Chưởng Môn Nhân,Hoàn thành,419
101718,5,Pubg Rơi Xuống Đất Thành Thần,Hoàn thành,420
101741,5,Tối Cường Vô Địch Tông Môn,Hoàn thành,427
101751,5,Kuroko No Basket Một Cái Khác Kỳ Tích,Hoàn thành,410
101753,5,Harry Potter Thiên Sinh Phan Phái,Hoàn thành,426
101763,5,Prince Of Tennis Break Serve Ngủ Thần,Hoàn thành,439
101765,5,Hải Tặc Vương Chi Thích Khách U Ảnh,Hoàn thành,433
101772,5,Tử Thần Chi Cuồng Đồ,Hoàn thành,411
101774,5,Thiên Đình Đọc Truyện App,Hoàn thành,413
101797,5,Harry Potter Chi Ta Là Truyền Kỳ,Hoàn thành,412
101832,5,Hải Tặc Vương Chi Cực Ác Thời Đại,Hoàn thành,427
101840,5,Sử Thượng Tối Cường Cửa Hàng,Hoàn thành,439
101881,5,Hỏa Ảnh Chi Siêu Cấp Quang Hoàn Hệ Thống,Hoàn thành,424
100113,4,Vương Tử Tao Nhã,Hoàn thành,447
100180,4,Đại Xà Kabuto Nghịch Tập,Hoàn thành,448
100219,4,Điên Cuồng Nữ Nhi Quốc,Hoàn thành,449
100231,4,Võng Du Chi Luân Hồi Tam Quốc,Hoàn thành,424
100290,4,Hải Tặc: Ta Ăn Ma Bư Quả Thực,Hoàn thành,446
100518,4,Dị Giới Vị Diện Thương Nhân,Hoàn thành,448
100666,4,Ta Tu Luyện Trò Chơi,Hoàn thành,445
100820,4,Cửu Tử Tiên Tôn,Hoàn thành,449
101156,4,Tây Du: Thần Cấp Sơn Trại Đại Sư,Hoàn thành,449
101409,4,Dáng Dấp Quá Hung Làm Sao Bây Giờ,Hoàn thành,431
101456,4,Ma Vật Tế Đàn,Hoàn thành,448
101685,4,Dị Giới Văn Hoá Đại Xâm Lấn,Hoàn thành,447
101738,4,Trò Chơi Trao Đổi Nhân Sinh,Hoàn thành,446
101739,4,Hư Không Chi Chủ,Hoàn thành,430
101847,4,Bàn Tay Vàng Buôn Bán Thương,Hoàn thành,446
100101,3,Vị Diện Pháo Hôi Cấp Cứu Trạm,Hoàn thành,636
100102,3,Red Rebels,Hoàn thành,843
100103,3,Hư Trúc Truyền Nhân Bóng Đá Lữ Trình,Hoàn thành,569
100104,3,Ngao Du Tiên Võ,Hoàn thành,913
100105,3,Bóng Đá Chi Siêu Cấp Huấn Luyện Bản,Hoàn thành,473
100107,3,Cầu Vương Dưỡng Thành Khí,Hoàn thành,1417
100109,3,Trọng Pháo Chi Vương,Hoàn thành,479
100110,3,Hoàn Mỹ Giữa Sân,Hoàn thành,740
100111,3,Lục Nhân Yêu Vương,Hoàn thành,963
100114,3,Ta Là Jose,Hoàn thành,905
100116,3,Firenze Thời Đại,Hoàn thành,1417
100117,3,Trọng Sinh Định Tam Quốc,Hoàn thành,572
100118,3,Lục Nhân Phong Thần,Hoàn thành,901
100119,3,Truyền Kỳ Cò Môi Giới,Hoàn thành,703
100120,3,Trọng Sinh 1994 Chi Giới Bóng Đá Phong Vân 2,Hoàn thành,692
100121,3,Bóng Rổ Giải Trí Thiên Vương,Hoàn thành,538
100122,3,Bóng Đá Máy Sửa Chữa,Hoàn thành,784
100126,3,Quán Quân Giáo Phụ,Hoàn thành,1009
100127,3,Siêu Cấp Vua Bóng Đá,Hoàn thành,895
100128,3,Ta Họ Ferguson,Hoàn thành,719
100129,3,Tống Mạn Chí Tôn Chiến Thần,Hoàn thành,1708
100130,3,Nhất Đại Cầu Thần Trương Thiết Hán,Hoàn thành,535
100131,3,Thắt Lưng,Hoàn thành,977
100132,3,Pokemon Chi Phàm Đồ,Hoàn thành,883
100135,3,Ta Là Quaresma,Hoàn thành,577
100155,3,Siêu Cấp Võ Hiệp Phó Bản Hệ Thống,Hoàn thành,498
100156,3,U Minh Chi Chủ,Hoàn thành,842
100157,3,Thiên Đạo Chi Tể,Hoàn thành,1127
100158,3,Thần Cấp Liệp Sát Giả,Hoàn thành,1223
100159,3,Mạt Thế Chi Đấu Loại Trò Chơi,Hoàn thành,810
100160,3,Hắc Ám Vô Hạn,Hoàn thành,1586
100161,3,Vô Hạn Dị Hỏa Lục,Hoàn thành,2028
100163,3,Xuyên Qua Trở Thành Bardock,Hoàn thành,483
100164,3,Ta Muốn Ăn Vĩ Thú,Hoàn thành,592
100165,3,Mỹ Nữ Tập Hợp Chi Vô Hạn Luân Hồi,Hoàn thành,1105
100166,3,Hokage Chi Chân Lý Chi Môn,Hoàn thành,1535
100167,3,Hạnh Phúc Võ Hiệp,Hoàn thành,1073
100168,3,Type-Moon Gensōkyō Siêu Việt Giả,Hoàn thành,2623
100169,3,Hồi Sinh One Piece Chi Phó Thuyền Trưởng,Hoàn thành,1186
100170,3,Vô Hạn Làm Công,Hoàn thành,1234
100171,3,Thiếu Nữ Khế Ước Chi Thư,Hoàn thành,1235
100172,3,Liên Minh Huyền Thoại Chi Tuyệt Thế Vô Song,Hoàn thành,2314
100173,3,One Piece Chi Tu La Zoro,Hoàn thành,1078
100174,3,Thứ Nguyên Đại Loạn Đấu,Hoàn thành,1605
100175,3,Hokage Chi Tu La Hàng Thế,Hoàn thành,1235
100178,3,Khế Ước Mỹ Nữ Chi Vô Địch Thăng Cấp,Hoàn thành,1089
100181,3,Xuyên Việt Võ Hiệp Thế Giới,Hoàn thành,611
100182,3,Võ Hiệp Thế Giới Bên Trong Vương Gia,Hoàn thành,471
100185,3,Vô Hạn Thế Giới Lữ Hành Giả,Hoàn thành,1661
100189,3,Tần Thời Minh Nguyệt Chi Chưởng Môn Nhân,Hoàn thành,846
100190,3,Mạt Thế Trọng Sinh Chi Phân Thân,Hoàn thành,1016
100191,3,Loli Cướp Đoạt Chi Thư,Hoàn thành,614
100192,3,Tống Mạn Chi Thoát Tuyến Nhân Vật Nam Chính,Hoàn thành,472
100193,3,Pokemon Chi Vân Phong,Hoàn thành,670
100194,3,Võng Du Chi Chí Tôn May Mắn,Hoàn thành,1683
100195,3,Hokage Chi Siêu Cấp Phụ Trợ,Hoàn thành,530
100196,3,Mỹ Nữ Sủng Vật Quân Đoàn,Hoàn thành,1394
100197,3,Chúa Tể Nhị Thứ Nguyên,Hoàn thành,479
100198,3,Hokage Chi Linh Vương Naruto,Hoàn thành,647
100199,3,Mạt Thế Chi Thẻ Bài Đại Sư,Hoàn thành,776
100200,3,Xuyên Việt Giả Sát Thủ,Hoàn thành,547
100201,3,Võ Đạo Chi Vô Tận Luân Hồi,Hoàn thành,743
100202,3,Liên Minh Anh Hùng Chi Vô Địch Thăng Cấp,Hoàn thành,832
100203,3,Võng Du Chi Mộng Tưởng Tinh Thần,Hoàn thành,997
100204,3,Siêu Vị Diện Chinh Phục Hệ Thống,Hoàn thành,493
100205,3,Trọng Sinh Chi Giả Thuyết Thiên Đế,Hoàn thành,461
100206,3,Võng Du Tam Quốc Chi Thiên Hạ Anh Hào,Hoàn thành,583
100207,3,Mạt Thế Một Giây Đồng Hồ,Hoàn thành,731
100208,3,Võng Du Chi Linh Bảo,Hoàn thành,618
100210,3,Dragon Ball Chi Lực Lượng Chí Thượng,Hoàn thành,555
100211,3,Hokage Nhẫn Thuật Đại Tông Sư,Hoàn thành,840
100212,3,Dragon Ball Chi Siêu Vũ Trụ,Hoàn thành,492
100213,3,Hokage Chi Daiguren Hyourinmaru,Hoàn thành,652
100214,3,Long Châu Chi Siêu Cấp Tông Sư,Hoàn thành,986
100217,3,Lol Chi Duy Ngã Độc Tôn,Hoàn thành,1238
100220,3,Võng Du Chi Võ Lâm Thần Thoại,Hoàn thành,1027
100222,3,Toaru Majutsu No Index Copy Năng Lực Giả,Hoàn thành,1520
100223,3,Vô Hạn Thứ Nguyên Phồn Hoa,Hoàn thành,944
100224,3,Hokage Chi Thần Chi Uchiha,Hoàn thành,510
100225,3,Lão Bà Của Ta Là Đông Phương Bất Bại,Hoàn thành,935
100226,3,Mạt Thế Sân Đấu,Hoàn thành,578
100227,3,Võ Hiệp Thành Thần,Hoàn thành,477
100228,3,Thần Cấp Đoạt Xá Không Gian,Hoàn thành,1572
100229,3,Onepiece Chi Yếm Thế Chi Ca,Hoàn thành,862
100230,3,Võ Hiệp Huyền Huyễn Chi Vạn Giới Tà Đế,Hoàn thành,676
100233,3,Võ Hiệp Chi Đơn Đấu Các Thế Giới,Hoàn thành,782
100235,3,Pokemon Chi Niary,Hoàn thành,1286
100236,3,Hokage Chi Vô Sỉ Giáo Sư,Hoàn thành,608
100237,3,Hokage Chi Tối Cường Chakra,Hoàn thành,947
100238,3,Nhị Thứ Nguyên Chi Bước Lên Đỉnh Phong,Hoàn thành,582
100239,3,Akame Ga Kill Chi Thiên Tài Hệ Thống,Hoàn thành,539
100240,3,Tống Mạn Chi Thứ Nguyên Giao Dịch,Hoàn thành,675
100243,3,Đại Hải Tặc Chi Tối Cường Lão Sư,Hoàn thành,1025
100244,3,Võ Hiệp Chi Siêu Thần Chưởng Khống Giả,Hoàn thành,611
100248,3,Hải Tặc Chi Tối Cường Zanpakuto,Hoàn thành,494
100249,3,Pokemon Chi Pkm Của Ta Đều Là Truyền Thuyết,Hoàn thành,803
100250,3,Tống Mạn Chi Siêu Thần Rút Thưởng,Hoàn thành,1273
100253,3,Hokage Chi Hắc Ám Naruto,Hoàn thành,604
100255,3,Huyền Huyễn Chi Ta Sở Hữu Bàn Cổ Huyết,Hoàn thành,655
100256,3,Hồng Hoang Chi Vận Mệnh Ma Thần,Hoàn thành,502
100262,3,Huyền Huyễn Chi Vô Song Rút Thưởng,Hoàn thành,756
100266,3,Hokage Chi Vô Địch Hùng Hài Tử,Hoàn thành,1027
100269,3,Hokage Chi Tối Cường Phú Nhị Đại,Hoàn thành,461
100270,3,Hokage Chi Siêu Thần Uchiha,Hoàn thành,526
100271,3,Hokage Thân Thể Thuật Chi Thần,Hoàn thành,487
100272,3,Ta Dị Năng Là Toàn Thế Giới Nữ Nhi,Hoàn thành,614
100280,3,Trẫm Con Dân Thật Không Phải Là Npc,Hoàn thành,820
100285,3,Võng Du Toàn Vũ Trụ : Vô Địch Thiên Phú,Hoàn thành,563
100293,3,Võng Du Tam Quốc: Phó Chức Nghiệp Tông Sư,Hoàn thành,560
100318,3,Thôn Thiên Võ Thần,Hoàn thành,1083
100320,3,Hồng Mông Thần Vương,Hoàn thành,1667
100321,3,Quật Khởi Chư Thiên,Hoàn thành,877
100323,3,Vô Tướng Tiến Hóa,Hoàn thành,1051
100324,3,Đô Thị Y Tiên,Hoàn thành,2584
100325,3,Vô Hạn Chi Thần Thoại Trọng Sinh,Hoàn thành,571
100326,3,Đô Thị Linh Kiếm Tiên,Hoàn thành,2177
100327,3,Marvel Thế Giới Cá Ướp Muối,Hoàn thành,530
100328,3,Đô Thị Chi Vô Địch Tu Thần,Hoàn thành,1162
100329,3,Dược Môn Tiên Y,Hoàn thành,1804
100330,3,Võ Hiệp Tiên Hiệp Thế Giới Trù Thần,Hoàn thành,479
100331,3,Ta Có Trăm Vạn Điểm Kỹ Năng,Hoàn thành,1790
100332,3,Từ Hokage Bắt Đầu Chưởng Khống Thời Gian,Hoàn thành,861
100335,3,Chung Cực Đại Ma Thần,Hoàn thành,1447
100338,3,Trọng Sinh Tuyệt Thế Thiên Kiêu,Hoàn thành,457
100339,3,Đông Phương Thần Thoại Hệ Thống,Hoàn thành,537
100341,3,Ta Bạn Gái Là Một Mỹ Nhân Ngư,Hoàn thành,488
100342,3,Siêu Cấp Hồng Bao Thần Tiên Quần,Hoàn thành,1404
100343,3,Thần Giới Bá Phóng Khí,Hoàn thành,824
100344,3,Tối Cường Vạn Năng Học Sinh,Hoàn thành,665
100345,3,Tối Cường Chi Cuồng Bạo Thăng Cấp,Hoàn thành,979
100347,3,Đô Thị Chi Thần Cấp Ngoạn Gia,Hoàn thành,463
100349,3,Tối Cường Cuồng Bạo Yêu Nghiệt Hệ Thống,Hoàn thành,2081
100351,3,Võ Hiệp Chi Trang Bức Đả Kiểm Hệ Thống,Hoàn thành,581
100352,3,Đô Thị Chí Tôn Bá Chủ,Hoàn thành,1458
100354,3,Lộc Đỉnh Hùng Phong,Hoàn thành,932
100355,3,Đô Thị Tối Cường Tu Tiên,Hoàn thành,849
100356,3,Từ Tay Bút Đến Siêu Sao,Hoàn thành,461
100359,3,Tối Cường Đường Tăng Chiến Tây Du,Hoàn thành,625
100360,3,Cửu Âm Tà Đế,Hoàn thành,1562
100361,3,Chí Tôn Thần Đế,Hoàn thành,1557
100362,3,Chí Cao Thần Đế,Hoàn thành,997
100363,3,Nguyên Thủy Bất Diệt Quyết,Hoàn thành,1622
100367,3,Chí Tôn Đặc Công,Hoàn thành,2563
100369,3,Tiên Võ Độc Tôn,Hoàn thành,1738
100370,3,Huyết Mạch Vô Địch,Hoàn thành,1005
100371,3,Tuyệt Thế Nguyên Tôn,Hoàn thành,948
100373,3,Vô Hạn Thăng Cấp Chi Xuyên Qua Chư Thiên,Hoàn thành,1768
100374,3,Siêu Cấp Ăn Hàng Hệ Thống,Hoàn thành,821
100375,3,Comic: Tối Cường Phản Phái,Hoàn thành,1111
100376,3,Cương Ước: Tối Cường Tử Thần,Hoàn thành,1230
100377,3,Chung Cực Thế Giới: Tối Cường Chiến Thần,Hoàn thành,1083
100378,3,Có Tiền Liền Biến Cường,Hoàn thành,778
100379,3,Ta Nguyên Thần Có Thể Ký Thác Thiên Đạo,Hoàn thành,1120
100382,3,Đại Chúa Tể,Hoàn thành,1566
100387,3,Nhân Đạo Chí Tôn,Hoàn thành,1493
100389,3,Ma Thiên Chí Tôn,Hoàn thành,2262
100390,3,Vĩnh Hằng Chi Tâm,Hoàn thành,1448
100392,3,Vô Thủy Thiên Đế,Hoàn thành,1364
100393,3,Tịch Diệt Thiên Tôn,Hoàn thành,1996
100394,3,Chư Thiên Chí Tôn,Hoàn thành,1335
100395,3,Vạn Pháp Độc Tôn,Hoàn thành,590
100396,3,Nhất Niệm Vĩnh Hằng,Hoàn thành,1314
100397,3,Pokemon Chi Phú Nhị Đại Nghịch Tập,Hoàn thành,1486
100398,3,Vô Hạn Vĩnh Sinh Lục,Hoàn thành,614
100399,3,Bất Hủ Phàm Nhân,Hoàn thành,1230
100400,3,Tiên Đạo Tà Quân,Hoàn thành,1869
100402,3,Thánh Khư,Hoàn thành,1670
100403,3,Tuyệt Thế Tà Tôn,Hoàn thành,2232
100404,3,Nhị Thứ Nguyên Chi Phiến Dực Hàng Lâm,Hoàn thành,530
100405,3,Anime Nhị Thứ Nguyên,Hoàn thành,859
100406,3,Đạo Quân,Hoàn thành,1591
100407,3,Toàn Năng Tu Luyện Chí Tôn,Hoàn thành,657
100408,3,Ta Là Bá Vương,Hoàn thành,1833
100409,3,Lão Bà Của Ta Là Hải Tặc Nữ Đế,Hoàn thành,1293
100410,3,Gen Võ Đạo,Hoàn thành,1975
100411,3,Ta Là Chí Tôn,Hoàn thành,1484
100412,3,Mục Thần Ký,Hoàn thành,1844
100413,3,Nguyên Tôn,Hoàn thành,1503
100414,3,Phi Kiếm Vấn Đạo,Hoàn thành,739
100415,3,Độc Bộ Tiêu Dao,Hoàn thành,940
100416,3,Đại Đạo Triều Thiên,Hoàn thành,1022
100418,3,Vô Địch Thật Tịch Mịch,Hoàn thành,1163
100419,3,Strike The Blood Chi Đệ Ngũ Chân Tổ,Hoàn thành,1159
100420,3,Đại Kiếp Chủ,Hoàn thành,1000
100421,3,Vạn Cổ Chi Vương,Hoàn thành,1588
100423,3,Nghịch Thiên Võ Thần,Hoàn thành,2140
100424,3,Tử Kinh Lệnh,Hoàn thành,2575
100425,3,Vua Hải Tặc Chi Bảo Rương Hệ Thống,Hoàn thành,1945
100426,3,Thiên Hạ Đệ Cửu,Hoàn thành,1358
100427,3,Như Ý Tiểu Lang Quân,Hoàn thành,992
100429,3,Tu La Đế Tôn,Hoàn thành,1662
100430,3,Hokage Chi Thần Thâu Hệ Thống,Hoàn thành,769
100431,3,Hokage Chi Hoshikage Thiên Hạ,Hoàn thành,603
100432,3,Hải Tặc Chi Dị Thứ Nguyên Tạp Tổ,Hoàn thành,683
100436,3,Cực Đạo Đan Hoàng,Hoàn thành,1787
100437,3,Cửu Thiên,Hoàn thành,788
100438,3,Tiền Nhiệm Vô Song,Hoàn thành,764
100439,3,Thương Nguyên Đồ,Hoàn thành,765
100440,3,Ta Là Vạn Cổ Chúa Tể,Hoàn thành,711
100444,3,Đan Hoàng Võ Đế,Hoàn thành,2649
100449,3,Lâm Uyên Hành,Hoàn thành,961
100451,3,Từ Bệnh Viện Tâm Thần Đi Ra Cường Giả,Hoàn thành,674
100453,3,Ta Thật Không Phải Đại Lão,Hoàn thành,661
100454,3,Mục Long Sư,Hoàn thành,1531
100456,3,Quốc Sắc Sinh Kiêu,Hoàn thành,1499
100458,3,Tam Quốc Chi Anh Linh Triệu Hoán,Hoàn thành,1383
100459,3,Cẩm Y Xuân Thu,Hoàn thành,1496
100460,3,Cực Phẩm Khoác Lác Hệ Thống,Hoàn thành,1524
100461,3,Ta Mạt Thế Căn Cứ Xe,Hoàn thành,690
100464,3,Ta Tuyệt Mỹ Ngự Tỷ Lão Bà,Hoàn thành,2610
100466,3,Thiên Cực Luân Hồi,Hoàn thành,539
100468,3,Tinh Hải Tranh Bá Làm Trùng Tộc Hoàng Đế,Hoàn thành,811
100469,3,Võng Du Trọng Sinh Chi Thiên Diện Lang Quân,Hoàn thành,767
100470,3,Trọng Sinh Chi Người Ngoài Hành Tinh Phụ Thân,Hoàn thành,451
100472,3,Nông Thôn Nông Dân Thấu Thị Y,Hoàn thành,820
100473,3,Cực Phẩm Toàn Năng Học Phách,Hoàn thành,682
100474,3,Hệ Thống Mang Ta Xuyên Vạn Giới,Hoàn thành,575
100476,3,Vạn Cổ Đệ Nhất Tông Môn,Hoàn thành,489
100478,3,Dưỡng Chỉ Nữ Quỷ Làm Lão Bà,Hoàn thành,951
100479,3,Thứ Ba Đế Quốc,Hoàn thành,1789
100481,3,Dạ Hoàn,Hoàn thành,566
100483,3,Phòng Ta Có Cánh Cửa Như Ý,Hoàn thành,1382
100488,3,Ta Cho Thần Tiên Làm Dẫn Chương Trình,Hoàn thành,530
100490,3,Vạn Vực Đạo Tâm,Hoàn thành,481
100492,3,Mạnh Nhất Lịch Sử Hố Cha Hệ Thống,Hoàn thành,761
100497,3,Nguyền Rủa Chi Long,Hoàn thành,2628
100499,3,Trọng Sinh Tây Du Chi Tam Giới Độc Tôn,Hoàn thành,502
100500,3,Trọng Phản Mạt Thế Thi Địa,Hoàn thành,598
100502,3,Vương Bài Đại Lừa Dối,Hoàn thành,485
100503,3,Võng Du Chi Thần Cấp Cường Hào,Hoàn thành,1217
100506,3,Trên Núi Sủng Thê: Nhặt Được Nàng Dâu,Hoàn thành,506
100508,3,Quỷ Vợ,Hoàn thành,853
100510,3,Võng Du Chi Tối Cường Đế Linh,Hoàn thành,825
100511,3,Ta Cương Thi Quân Đoàn,Hoàn thành,541
100512,3,Anh Hùng Liên Minh Chi Mạnh Nhất Ái Muội,Hoàn thành,572
100515,3,Võng Du Chi Tiêu Cục,Hoàn thành,835
100516,3,Toàn Năng Trò Chơi Nhà Thiết Kế,Hoàn thành,1186
100517,3,Chủ Kí Sinh Xin Dừng Bước,Hoàn thành,604
100520,3,Tịch Diệt Thiên Kiêu,Hoàn thành,609
100523,3,Ta Bị Hệ Thống Uỷ Thác Quản Lý,Hoàn thành,1166
100524,3,Trọng Sinh Làm Ma Giáo Giáo Chủ,Hoàn thành,1473
100527,3,Tuyệt Thế Võ Hiệp Hệ Thống,Hoàn thành,1343
100528,3,Cuối Cùng Hạo Kiếp,Hoàn thành,539
100529,3,Colorfast Pháp Thần,Hoàn thành,624
100531,3,Vô Địch Tiểu Hoàng Thúc,Hoàn thành,511
100533,3,Vô Địch Thiên Tử,Hoàn thành,583
100535,3,Thiếu Hiệp Mời Khai Ân,Hoàn thành,1108
100536,3,Ta Không Muốn Làm Yêu Hoàng Thời Gian,Hoàn thành,466
100540,3,Đan Võ Cửu Trọng Thiên,Hoàn thành,700
100542,3,Khoa Kỹ Truyện Thừa,Hoàn thành,910
100544,3,Vô Tận Thần Vực,Hoàn thành,1035
100548,3,Bạch Thạch Chủ Thần,Hoàn thành,1560
100549,3,Vô Tận Siêu Duy Xâm Lấn,Hoàn thành,907
100550,3,Long Kiếm Thiên Tôn,Hoàn thành,979
100551,3,Siêu Cấp Vô Địch Ký Sinh,Hoàn thành,612
100552,3,Long Cốt Chiến Đế,Hoàn thành,1057
100553,3,Mao Sơn Chung Cực Tróc Quỷ Nhân,Hoàn thành,1506
100554,3,Mạt Thế Chi Cô Thành,Hoàn thành,668
100556,3,Mao Sơn Chung Cực Cương Thi Vương,Hoàn thành,1660
100559,3,Trọng Sinh Chi Thần Cấp Minh Tinh,Hoàn thành,1287
100560,3,Ma Thần Nhạc Viên,Hoàn thành,1163
100561,3,Tiên Cuồng,Hoàn thành,1251
100562,3,Văn Ngu Giáo Phụ,Hoàn thành,1068
100563,3,Trực Tử Vô Hạn,Hoàn thành,2391
100564,3,Xuyên Việt Đương Hoàng Đế,Hoàn thành,1029
100565,3,Trọng Sinh Chi Võ Thần Đạo,Hoàn thành,689
100566,3,Yêu Đao,Hoàn thành,1366
100567,3,Thần Võ Bá Đế,Hoàn thành,2568
100568,3,Chư Thiên Tiên Võ,Hoàn thành,867
100570,3,Văn Ngu Vạn Tuế,Hoàn thành,957
100571,3,Tiên Đình Phong Đạo Truyện,Hoàn thành,1137
100572,3,Siêu Cấp Thần Cướp Đoạt,Hoàn thành,1033
100573,3,Tối Chung Liệp Sát,Hoàn thành,682
100574,3,Đế Đạo Độc Tôn,Hoàn thành,2215
100575,3,Từ Từ Chư Thiên,Hoàn thành,870
100576,3,Toàn Cầu Cao Võ,Hoàn thành,1437
100577,3,Cùng Manh Oa Văn Nghệ Sinh Hoạt,Hoàn thành,1050
100578,3,Thời Không Lữ Xá Của Ta,Hoàn thành,798
100579,3,Như Lai Nhất Định Phải Bại,Hoàn thành,721
100580,3,Nhẫn Giới Của Ta Có Luân Hồi,Hoàn thành,484
100581,3,Tốt Nhất Ngu Nhạc Thời Đại,Hoàn thành,1143
100582,3,Thôn Phệ Tinh Không Hắc Long Truyền Thuyết,Hoàn thành,726
100584,3,Trăm Vạn Khả Năng,Hoàn thành,734
100585,3,Từ 1983 Bắt Đầu,Hoàn thành,984
100586,3,Nhất Nhân Chi Lực,Hoàn thành,506
100587,3,Ta Không Muốn Làm Ảnh Đế,Hoàn thành,601
100588,3,Nhà Ta Có Cái Tiên Hiệp Thế Giới,Hoàn thành,708
100589,3,Ma Lâm,Hoàn thành,1031
100593,3,Phòng Sách Đêm Khuya,Hoàn thành,1163
100594,3,Vạn Năng Số Liệu,Hoàn thành,500
100597,3,Toàn Năng Khoa Kỹ Cự Đầu,Hoàn thành,605
100598,3,Siêu Cấp Chủ Bá Khen Thưởng Hệ Thống,Hoàn thành,555
100603,3,Ta Có Thể Nhìn Thấy Điểm Kinh Nghiệm,Hoàn thành,743
100604,3,Võng Du Chi Kiếm Lý Sơn Hà,Hoàn thành,544
100605,3,Sáng Tạo Du Hí Thế Giới,Hoàn thành,614
100606,3,Trở Lại 2006,Hoàn thành,799
100607,3,Trảm Nguyệt,Hoàn thành,1623
100609,3,Trọng Sinh Làm Internet Tranh Bá,Hoàn thành,1189
100614,3,Tối Cường Vai Chính Hệ Thống,Hoàn thành,1359
100615,3,Tối Cường Siêu Thần Cuồng Bạo Hệ Thống,Hoàn thành,994
100616,3,Thánh Long Đồ Đằng,Hoàn thành,1434
100617,3,Ta Bạo Ngược Tỷ Tỷ,Hoàn thành,989
100619,3,Chí Cường Chưởng Môn,Hoàn thành,974
100621,3,Cực Phẩm Diêm La Hệ Thống,Hoàn thành,1193
100622,3,Vô Hạn Thăng Cấp Chi Ác Ma Hoàng Đế,Hoàn thành,770
100623,3,Tối Cường Cuồng Bạo Hoàng Đế Hệ Thống,Hoàn thành,1593
100625,3,Võ Hồn Rút Thăm Trúng Thưởng Hệ Thống,Hoàn thành,839
100627,3,Dị Giới Đại Thôn Trưởng,Hoàn thành,705
100628,3,Cuồng Bạo Thăng Cấp Hệ Thống,Hoàn thành,921
100629,3,Tối Ngưu Chí Tôn Đế Hoàng Hệ Thống,Hoàn thành,1252
100630,3,Vô Địch Bại Gia Tử Hệ Thống,Hoàn thành,1018
100631,3,Mạnh Nhất Vô Địch Hệ Thống,Hoàn thành,1170
100632,3,Võng Du Chi Thần Cấp Thôn Trưởng,Hoàn thành,792
100633,3,Ta Tùy Thân Thăng Cấp Đánh Quái Hệ Thống,Hoàn thành,1524
100634,3,Ta Thực Sự Chính Là Game Đại Thần,Hoàn thành,1101
100636,3,Tối Cường Bạo Thần Hệ Thống,Hoàn thành,1058
100637,3,Vú Em Chí Tôn,Hoàn thành,1902
100638,3,Cực Vũ Huyền Đế,Hoàn thành,690
100639,3,Lão Bà Của Ta Là Đại Boss,Hoàn thành,802
100640,3,Trên Người Mang Theo Một Cái Thế Giới,Hoàn thành,458
100641,3,Vạn Giới Mạnh Nhất Lão Công,Hoàn thành,1464
100642,3,Ta Vô Địch 1 Tỷ Năm,Hoàn thành,1271
100643,3,Ta Có Hàng Tỉ Thần Thoại Gien,Hoàn thành,468
100644,3,Ta Có Thể Vô Hạn Phóng Thích Đại Chiêu,Hoàn thành,1315
100645,3,Ta Bảy Tuổi Liền Thành Tổ Sư Gia,Hoàn thành,627
100646,3,Đại Đường Đệ Nhất Hố Cha Hoàng Tử,Hoàn thành,493
100650,3,Ta Sủng Thú Dung Hợp Hệ Thống,Hoàn thành,491
100653,3,Vạn Giới Mạnh Nhất Ông Chủ,Hoàn thành,1001
100655,3,Võ Hiệp Phản Phái Boss Chi Lộ,Hoàn thành,1253
100657,3,Ta Đoạt Xá Đế Vương,Hoàn thành,855
100659,3,Từ Đấu La Bắt Đầu Vạn Giới Vô Địch,Hoàn thành,519
100660,3,Vô Địch Chí Tôn Thái Tử Gia,Hoàn thành,850
100661,3,Đấu La Chi Chung Kết Đấu La,Hoàn thành,487
100663,3,Đô Thị Chi Vô Hạn Lựa Chọn Hệ Thống,Hoàn thành,832
100664,3,Buông Ra Con Yêu Sủng Kia,Hoàn thành,1628
100668,3,Chơi Hỏng Thế Giới Thả Câu Giả,Hoàn thành,901
100669,3,Ta Man Hoang Bộ Lạc,Hoàn thành,1153
100670,3,Đấu La Chi Chư Thiên Thăng Cấp,Hoàn thành,616
100671,3,Từ Đấu La Bắt Đầu Đánh Tạp,Hoàn thành,1893
100673,3,Võng Du Chi Ta Có Thể Dung Hợp Hài Cốt,Hoàn thành,706
100676,3,Đấu La Chi Mạnh Nhất Người Ở Rể,Hoàn thành,1387
100678,3,Trạch Thiên Ký,Hoàn thành,1181
100679,3,Thiên Vực Thương Khung,Hoàn thành,2023
100680,3,Thí Thiên Nhận,Hoàn thành,1979
100681,3,Thần Hoang Long Đế,Hoàn thành,924
100682,3,Vạn Cổ Thánh Vương,Hoàn thành,528
100683,3,Già Thiên Chi Vạn Cổ Độc Tôn,Hoàn thành,880
100684,3,Chí Cao Học Viện,Hoàn thành,456
100687,3,Marvel Chi Loạn Nhập Luân Bàn,Hoàn thành,520
100688,3,Negary Chi Hồn,Hoàn thành,750
100689,3,Khoa Kỹ Vu Sư,Hoàn thành,1555
100701,3,Thần Cấp Hộ Mỹ Sát Thủ,Hoàn thành,956
100703,3,Hàn Ngu Thám Tử Lừng Danh,Hoàn thành,1205
100705,3,Dị Năng Giáo Sư,Hoàn thành,1151
100709,3,Hồng Mông Đại Đế Hệ Thống,Hoàn thành,536
100710,3,Đại Đường Tiểu Tướng Công,Hoàn thành,469
100715,3,Long Hồn Chiến Đế,Hoàn thành,608
100716,3,Vạn Cổ Đệ Nhất Tông,Hoàn thành,2008
100717,3,Đại Quản Gia Là Ma Hoàng,Hoàn thành,1312
100722,3,Võ Nghịch Cửu Thiên,Hoàn thành,685
100740,3,Kiếm Đạo Sát Đồ,Hoàn thành,530
100741,3,Tu La Thiên Tôn,Hoàn thành,2442
100742,3,Kinh Thiên Vũ Tổ,Hoàn thành,665
100743,3,Sử Thượng Tối Cường Lão Bản,Hoàn thành,1806
100744,3,Cửu Giới Tuyệt Thần,Hoàn thành,730
100745,3,Vô Địch Giẫm Người Hệ Thống,Hoàn thành,1087
100746,3,Vô Hạn Chi Tối Cường Chủ Thần,Hoàn thành,521
100748,3,Thôn Phệ Cuồng Đế,Hoàn thành,682
100749,3,Sử Thượng Tối Ngưu Bạo Quân,Hoàn thành,1017
100750,3,Tam Quốc Chi Dong Binh Thiên Hạ,Hoàn thành,1469
100753,3,Tối Cường Thần Thoại Đế Hoàng,Hoàn thành,1903
100756,3,Vui Chơi Giải Trí Cao Thủ,Hoàn thành,559
100757,3,Hồng Hoang Chi Thần Hoàng Kỷ Nguyên,Hoàn thành,804
100758,3,Vĩnh Chưởng Thần Quyền,Hoàn thành,591
100760,3,Đô Thị Võ Hiệp Thế Giới Đại Khảo Sát,Hoàn thành,611
100761,3,Hồng Hoang Hỏa Đa,Hoàn thành,454
100762,3,Xích Long Thiên Tôn,Hoàn thành,1359
100763,3,Hỗn Nguyên Võ Tông,Hoàn thành,581
100765,3,Quân Lâm Tam Thiên Thế Giới,Hoàn thành,1128
100766,3,Siêu Cường Tùy Cơ Hệ Thống,Hoàn thành,707
100767,3,Đao Kiếm Tẩy Tàn Dương,Hoàn thành,716
100768,3,Hokage Sống Ngàn Năm,Hoàn thành,537
100773,3,Thần Thú Quản Lý Viên,Hoàn thành,1523
100774,3,Tiên Giới Trở Về,Hoàn thành,1441
100776,3,Nhất Ngôn Thông Thiên,Hoàn thành,1904
100777,3,Yêu Long Đô Thị,Hoàn thành,1057
100778,3,Siêu Cấp Vị Diện Giao Dịch Võng,Hoàn thành,503
100779,3,Thiên Tài Tà Thiếu,Hoàn thành,1519
100780,3,Sử Thượng Mạnh Nhất Thiêu Đốt Hệ Thống,Hoàn thành,661
100781,3,Vô Địch Miểu Sát Thăng Cấp,Hoàn thành,761
100782,3,Vị Diện Quest Thưởng Hệ Thống,Hoàn thành,602
100783,3,Võ Hiệp Thế Giới Đại Minh Tinh,Hoàn thành,600
100785,3,Đế Võ Đan Tôn,Hoàn thành,2238
100786,3,Tử Giới Du Hí Thành,Hoàn thành,876
100787,3,Bá Thiên Đại Đế,Hoàn thành,1544
100790,3,Ta Đến Dị Giới Phóng Vệ Tinh,Hoàn thành,559
100791,3,Trọng Sinh Đại Phản Phái,Hoàn thành,609
100792,3,Nghe Nói Ta Sau Khi Chết Siêu Hung,Hoàn thành,470
100793,3,Sử Thượng Tối Cường Người Ở Rể,Hoàn thành,1169
100795,3,Không Cẩn Thận Đem Địa Cầu Lộng Tạc,Hoàn thành,643
100796,3,Đô Thị Chi Bất Tử Thiên Tôn,Hoàn thành,1969
100797,3,Đệ Nhất Đế,Hoàn thành,1367
100798,3,Trọng Sinh Chi Bá Đạo Hoàng Đế,Hoàn thành,987
100799,3,Đây Chính Là Vô Địch,Hoàn thành,932
100800,3,Nương Tử Là Tuyệt Thế Cao Thủ,Hoàn thành,713
100802,3,Vô Địch Từ Max Cấp Thiên Phú Bắt Đầu,Hoàn thành,529
100803,3,Hắn! Tới Từ Luyện Ngục,Hoàn thành,714
100805,3,Vũ Nghịch Cửu Thiên,Hoàn thành,1394
100808,3,Đồ Đệ Của Ta Đều Là Trùm Phản Diện,Hoàn thành,1717
100815,3,Ta Tiểu Thuyết Cộng Đồng Đại Phản Phái,Hoàn thành,489
100816,3,Chăm Chỉ Nỗ Lực Ta Không Tính Bật Hack,Hoàn thành,657
100821,3,Tối Cường Thiếp Thân Hệ Thống,Hoàn thành,2566
100822,3,Vô Hạn Khế Ước Hệ Thống,Hoàn thành,462
100823,3,Nữ Thần Cướp Đoạt Hệ Thống,Hoàn thành,764
100824,3,Ta Tuyệt Mỹ Tổng Tài Lão Bà,Hoàn thành,847
100825,3,Tối Cường Cướp Đoạt Tu Tiên,Hoàn thành,484
100835,3,Lại Đi Kiêu Hùng Đường,Hoàn thành,779
100836,3,Siêu Cấp Toàn Năng Hệ Thống,Hoàn thành,886
100838,3,Tại Tu Tiên Giới Chơi Game Online,Hoàn thành,689
100840,3,Nhị Thứ Nguyên Vương Tọa,Hoàn thành,722
100841,3,Đảo Hoang Cầu Sinh Trùng Sinh Mãng Xà,Hoàn thành,596
100842,3,Mỹ Mạn Chi Dota Tiệm Tạp Hóa,Hoàn thành,453
100844,3,Cực Phẩm Xuyên Việt Hệ Thống,Hoàn thành,836
100845,3,Quân Lâm Chư Thiên,Hoàn thành,788
100846,3,Thời Gian Ta Tại Làng Chài Nhật Bản,Hoàn thành,741
100847,3,Đế Quốc Chi Tâm,Hoàn thành,587
100849,3,Vô Hạn Valoran,Hoàn thành,562
100850,3,Tại Liêu Trai Làm Hiền Giả,Hoàn thành,811
100851,3,Vô Hạn Điện Ảnh Sát Lục,Hoàn thành,513
100852,3,Tiên Kiếm Hệ Thống Tại Tru Tiên,Hoàn thành,935
100853,3,Hokage Thứ Nguyên Lừa Dối Đại Sư,Hoàn thành,531
100856,3,Trực Tiếp Thiết Kế Tử Vong,Hoàn thành,1412
100857,3,Tống Mạn Làm Cha Các Nữ Chính,Hoàn thành,1049
100859,3,Tại Pokemon Thế Giới Kẽ Hở Cầu Sinh,Hoàn thành,681
100860,3,Tổng Mạn Chi Ngưu Ma Vương,Hoàn thành,922
100861,3,One Piece Sát Lục Thôn Phệ,Hoàn thành,1788
100862,3,Pokemon Long Hệ Chưởng Môn Nhân,Hoàn thành,954
100863,3,Pokemon Hệ Thống Thành Tựu Đại Sư,Hoàn thành,1315
100864,3,One Piece Cách Mạng Đạo Sư,Hoàn thành,591
100865,3,Ta! Thiên Long Nhân! Vô Địch!,Hoàn thành,485
100866,3,Pokemon Hắc Ám Quật Khởi,Hoàn thành,1457
100868,3,Ta Chính Là Hellscream,Hoàn thành,831
100869,3,Tuyệt Đối Một Lần,Hoàn thành,452
100872,3,Hokage Tối Cường Quan Nhị Đại,Hoàn thành,876
100874,3,One Piece: Thế Giới Chi Vương,Hoàn thành,482
100875,3,Nông Gia Tiên Điền,Hoàn thành,1635
100876,3,Cao Sơn Mục Trường,Hoàn thành,624
100877,3,Siêu Cấp Đào Bảo,Hoàn thành,776
100879,3,Tuyệt Thế Vũ Thần Ii,Hoàn thành,1740
100880,3,Thùy Điếu Chư Thiên,Hoàn thành,1551
100883,3,Nông Trường Qq Ta Có Thể Rút Tiền,Hoàn thành,999
100884,3,Đạo Tàng Mỹ Lợi Kiên,Hoàn thành,1567
100885,3,Linh Hồ Không Gian,Hoàn thành,756
100887,3,Lợi Hại Ta Người Nguyên Thủy,Hoàn thành,946
100888,3,Siêu Cấp Cổ Võ,Hoàn thành,1712
100889,3,Trở Lại Địa Cầu Làm Thần Côn,Hoàn thành,1870
100891,3,Thần Võ Chí Tôn,Hoàn thành,2553
100892,3,Ta Cùng Đại Thánh Là Huynh Đệ,Hoàn thành,1184
100893,3,Siêu Phàm Quý Tộc,Hoàn thành,898
100894,3,Tiên Viên Trang Nông,Hoàn thành,1562
100895,3,Nhà Ta Cửa Sau Thông Mạt Thế,Hoàn thành,793
100896,3,Siêu Cấp Chế Tạo Thương,Hoàn thành,1794
100897,3,Võng Du Chi Mạt Nhật Kiếm Tiên,Hoàn thành,1145
100900,3,Mang Cái Vị Diện Xông Phi Châu,Hoàn thành,1065
100901,3,Đô Thị Tu Chân Truyện,Hoàn thành,625
100903,3,Cực Phẩm Hộ Hoa Tiểu Thôn Y,Hoàn thành,2560
100905,3,Diệu Thủ Hồi Thôn,Hoàn thành,1265
100906,3,Sống Lại Thập Niên 80 Làm Nông Dân Mới,Hoàn thành,2496
100907,3,Tối Cường Long Thần Tiến Hóa Hệ Thống,Hoàn thành,488
100909,3,Hắc Dạ Tiến Hóa,Hoàn thành,1315
100910,3,Đế Võ Đại Hệ Thống,Hoàn thành,643
100912,3,Khoa Học Kỹ Thuật Rút Thăm Trúng Thưởng,Hoàn thành,479
100913,3,Titan Cùng Long Chi Vương,Hoàn thành,1427
100914,3,Thần Cấp Nhận Thầu Thương,Hoàn thành,498
100915,3,Vạn Năng Mã Qr,Hoàn thành,1075
100916,3,Phố Wall Truyền Kỳ,Hoàn thành,450
100917,3,Mạt Thế Chi Vô Tận Thương Điếm,Hoàn thành,834
100920,3,Nguyên Thủy Văn Minh Thành Trường Ký,Hoàn thành,1151
100921,3,Diệu Thủ Tâm Y,Hoàn thành,1182
100922,3,Đế Quốc La Mã Thần Thánh,Hoàn thành,1164
100925,3,Ta Là Một Cái Người Nguyên Thủy,Hoàn thành,1327
100926,3,Ta Thành Chu U Vương,Hoàn thành,483
100927,3,Huyết Tinh Linh Quật Khởi,Hoàn thành,806
100929,3,Ta Có Một Cái Thế Giới Vong Linh,Hoàn thành,601
100932,3,Đô Thị Tối Cường Thái Tử Gia,Hoàn thành,834
100933,3,Trò Chơi Thợ Săn Quái Vật,Hoàn thành,1898
100934,3,Ta Có Một Ngọn Núi,Hoàn thành,1978
100935,3,Thanh Mai Tiên Đạo,Hoàn thành,992
100940,3,Siêu Não Thái Giám,Hoàn thành,1519
100941,3,Siêu Cấp Thánh Thụ,Hoàn thành,800
100942,3,Siêu Cấp Đường Tăng Xông Tây Du,Hoàn thành,589
100943,3,Tiên Đoán,Hoàn thành,503
100944,3,Tối Cường Vị Diện Lộ Nhân,Hoàn thành,605
100945,3,Vu Sư Ký,Hoàn thành,626
100946,3,Vị Diện Đảo Đản Vương,Hoàn thành,485
100947,3,Ngã Đích Nữ Nhi Thị Hấp Huyết Quỷ,Hoàn thành,600
100948,3,Trọng Sinh Chi Cửu Vĩ Hung Miêu,Hoàn thành,580
100949,3,Thần Cấp Kiếm Hồn Hệ Thống,Hoàn thành,712
100951,3,Trọng Sinh Nhật Bản Tố Giam Đốc,Hoàn thành,509
100952,3,Hải Tặc Vương Chi Chung Cực Phân Thân,Hoàn thành,520
100953,3,Trọng Sinh Chi Nghịch Chiến Tây Du,Hoàn thành,1103
100954,3,Lão Nạp Phải Hoàn Tục,Hoàn thành,1509
100955,3,Ta Xuyên Qua Thời Không Điện Thoại,Hoàn thành,1317
100958,3,Tín Ngưỡng Chư Thiên,Hoàn thành,1062
100959,3,Dị Thế Triệu Hoán Văn Thần Mãnh Tướng,Hoàn thành,1147
100960,3,Đại Sát Lục Hệ Thống,Hoàn thành,729
100961,3,Võ Cực Tông Sư,Hoàn thành,1152
100962,3,Thần Ma Cung Ứng Thương,Hoàn thành,1262
100963,3,Tây Du Chi Xuyên Việt Chư Thiên,Hoàn thành,675
100964,3,Vu Sư Abe,Hoàn thành,1512
100965,3,Hokage Chi Tối Cường Kakashi,Hoàn thành,883
100966,3,Tại Tiên Giới Đương Mangaka,Hoàn thành,766
100967,3,Tỷ Tỷ Của Ta Là Đại Minh Tinh,Hoàn thành,727
100971,3,Tu Chân Tù Trưởng,Hoàn thành,532
100972,3,Điện Ảnh Thế Giới Xuyên Toa Môn,Hoàn thành,1324
100973,3,Siêu Cấp Triệu Hoán Không Gian,Hoàn thành,945
100975,3,Cực Đạo Kỵ Sĩ,Hoàn thành,582
100976,3,Vú Em Chi Dị Giới Phòng Ăn,Hoàn thành,2489
100977,3,Trợ Quỷ Làm Vui Hệ Thống,Hoàn thành,891
100978,3,Đô Thị Tối Cường Chúa Tể,Hoàn thành,1147
100979,3,Hải Tặc Chi Thiên Phú Hệ Thống,Hoàn thành,461
100982,3,Phim Ma Thế Giới,Hoàn thành,480
100983,3,Ethan Kỳ Huyễn Phiêu Lưu,Hoàn thành,1043
100984,3,Hoàng Đình Đạo Chủ,Hoàn thành,765
100985,3,Hệ Thống Để Ta Đi Đoán Mệnh,Hoàn thành,908
100986,3,Tiên Võ Chi Vô Hạn Tiểu Binh,Hoàn thành,857
100987,3,Chế Bá Nữ Quyền Thế Giới,Hoàn thành,846
100988,3,Tùy Thân Mang Cái Săn Thú Không Gian,Hoàn thành,1331
100989,3,Chí Tôn Vô Địch Đế Hoàng,Hoàn thành,466
100990,3,Gấu Sinh Từ Vượt Ngục Bắt Đầu,Hoàn thành,712
100991,3,Từ Con Kiến Đến Vực Sâu Ma Thần,Hoàn thành,480
100993,3,Tây Du Chi Đại Giải Trí Gia,Hoàn thành,1123
100994,3,Hiệp Khí Bức Người,Hoàn thành,649
100995,3,Đẩy Xuống Cái Này Tòa Tháp,Hoàn thành,551
100996,3,Siêu Thần Đạo Thuật,Hoàn thành,873
100998,3,Tùy Thân Mang Cái Rút Thưởng Bảng,Hoàn thành,723
101000,3,Từ Đại Lão Đến Võ Lâm Minh Chủ,Hoàn thành,835
101003,3,Kiếm Thánh Liền Nên Ra Tank,Hoàn thành,611
101004,3,Superman Chi Ta Chỉ Muốn Sống Bình Thường,Hoàn thành,1230
101006,3,Từ Hokage Bắt Đầu Bán Bình,Hoàn thành,1130
101007,3,Quét Ngang Ba Ngàn Thế Giới,Hoàn thành,464
101008,3,Dị Thế Giới Đạo Môn,Hoàn thành,733
101010,3,Vô Địch Từ Thiết Bố Sam Bắt Đầu,Hoàn thành,522
101014,3,Hồng Mông Thánh Chủ,Hoàn thành,720
101015,3,Thế Giới Tiên Hiệp,Hoàn thành,827
101016,3,Thân Công Báo Truyền Thừa,Hoàn thành,2367
101018,3,Tiên Toái Hư Không,Hoàn thành,1410
101019,3,Chân Võ Thế Giới,Hoàn thành,1709
101020,3,Ngũ Hành Thiên,Hoàn thành,715
101021,3,Vũ Khí Đại Sư,Hoàn thành,2279
101022,3,Tôn Thượng,Hoàn thành,2678
101025,3,Huyền Giới Chi Môn,Hoàn thành,1111
101026,3,Long Phù,Hoàn thành,1154
101029,3,Tu Luyện Cuồng Triều,Hoàn thành,2554
101030,3,Vô Giới Tiên Hoàng,Hoàn thành,645
101031,3,Thần Hoàng Cửu Thiên,Hoàn thành,1941
101032,3,Thiên Ảnh,Hoàn thành,720
101034,3,Vô Địch Thánh Đế,Hoàn thành,492
101035,3,Phong Thần Chi Nghịch Thiên Thành Thánh,Hoàn thành,1006
101036,3,Tối Cường Hệ Thống,Hoàn thành,1159
101039,3,Vĩnh Hằng Quốc Độ,Hoàn thành,2312
101040,3,Chủ Thần Quật Khởi,Hoàn thành,851
101041,3,Huyền Môn Bại Gia Tử,Hoàn thành,733
101043,3,Thông Thiên Tiên Lộ,Hoàn thành,1359
101044,3,Hệ Thống Cung Ứng Thương,Hoàn thành,1539
101046,3,Nhân Hoàng Kỷ,Hoàn thành,2424
101047,3,Nguyên Huyết Thần Tọa,Hoàn thành,1156
101049,3,Man Hoang Tiên Giới,Hoàn thành,1010
101051,3,"Sư Nương, Đừng Đùa Lửa",Hoàn thành,730
101052,3,Cực Đạo Thiên Ma,Hoàn thành,1210
101053,3,Ngộ Không Xem Chat Riêng,Hoàn thành,553
101054,3,Nhân Sinh Hung Hãn,Hoàn thành,1239
101055,3,Nhật Ký Kiếm Linh Cùng Ở Chung,Hoàn thành,583
101057,3,Nhất Phẩm Đạo Môn,Hoàn thành,2335
101059,3,Hỗn Nguyên Kiếm Đế,Hoàn thành,994
101061,3,Tiểu Tu Hành,Hoàn thành,749
101062,3,Toàn Năng Chiếu Yêu Kính,Hoàn thành,1615
101063,3,Thánh Võ Tinh Thần,Hoàn thành,1663
101064,3,Thần Khí Trồng Trọt Không Gian,Hoàn thành,542
101065,3,Thái Cổ Long Đế Quyết,Hoàn thành,999
101067,3,Tiến Hóa Chi Nhãn,Hoàn thành,1864
101068,3,Xuyên Qua Từ Đấu Phá Bắt Đầu,Hoàn thành,1386
101069,3,Kiếm Khấu Thiên Môn,Hoàn thành,991
101071,3,Daddy Khoa Kỹ Võ Đạo Quán,Hoàn thành,909
101075,3,Trong Hạch Bạo Đi Ra Cường Giả,Hoàn thành,1042
101076,3,Trên Người Ta Có Con Rồng,Hoàn thành,1381
101077,3,Cực Đạo Cổ Ma,Hoàn thành,488
101078,3,Cực Đạo Phi Thăng,Hoàn thành,1007
101079,3,Dị Thế Chi Triệu Hoán Ức Vạn Thần Ma,Hoàn thành,872
101081,3,Khủng Bố Sống Lại,Hoàn thành,1604
101083,3,Thần Cấp Thẻ Bài,Hoàn thành,785
101084,3,Cửu Huyền Thiên Đế,Hoàn thành,1535
101085,3,Trùm Đồ Cổ,Hoàn thành,1900
101086,3,Máy Sửa Chữa Công Pháp,Hoàn thành,749
101088,3,Thiên Đạo Phạt Ác Lệnh,Hoàn thành,1141
101089,3,Ta Có Một Tấm Thẻ Dính Dính,Hoàn thành,970
101090,3,Ta Đoạt Xá Ma Hoàng,Hoàn thành,755
101092,3,Đại Sư Chế Tạo Kỹ Năng,Hoàn thành,465
101093,3,Ánh Chiếu Vạn Giới,Hoàn thành,1230
101094,3,Chư Thiên Nhất Hiệt,Hoàn thành,781
101095,3,Tiên Cung,Hoàn thành,2354
101096,3,Điên Cuồng Kiến Thôn Lệnh,Hoàn thành,684
101097,3,Thần Cấp Văn Minh,Hoàn thành,615
101099,3,Chỉ Xích Chi Gian Nhân Tận Địch Quốc,Hoàn thành,1178
101100,3,Đại Ma Vương Không Hợp Cách,Hoàn thành,613
101101,3,Thái Thượng Chấp Phù,Hoàn thành,836
101102,3,Càn Khôn Thiên Cơ Đồ,Hoàn thành,743
101104,3,Tam Giới Cục Cải Tạo Lao Động,Hoàn thành,551
101110,3,Thiên Địa Long Hồn,Hoàn thành,460
101112,3,Hồi Sinh 2003,Hoàn thành,817
101113,3,Thất Giới Võ Thần,Hoàn thành,2261
101115,3,Thập Phương Thần Vương,Hoàn thành,2485
101116,3,Tuyệt Đỉnh Đan Tôn,Hoàn thành,1966
101117,3,Thần Môn,Hoàn thành,1117
101118,3,Cực Phẩm Đế Vương,Hoàn thành,1426
101120,3,Cửu Vực Tiên Vương,Hoàn thành,1314
101121,3,Dị Thế Giới Mỹ Thực Gia,Hoàn thành,1851
101122,3,Võng Hóa Cung Ứng Thương Nghiệp,Hoàn thành,802
101123,3,Tửu Thần Trang Viên,Hoàn thành,609
101124,3,Hắc Tạp,Hoàn thành,1437
101125,3,Vạn Giới Thánh Sư,Hoàn thành,553
101127,3,Tặc Cảnh,Hoàn thành,584
101130,3,Triệu Hoán Thiên Kiêu,Hoàn thành,541
101131,3,Comic Chi Amazo Khải Giáp,Hoàn thành,615
101132,3,Lăng Tiêu Chi Thượng,Hoàn thành,1567
101134,3,Cuồng Bạo Lôi Thần,Hoàn thành,526
101136,3,Thiên Thần Học Viện,Hoàn thành,1307
101137,3,Hồng Hoang Chi Thái Nhất Chứng Đạo Lộ,Hoàn thành,626
101138,3,Siêu Phẩm Vu Sư,Hoàn thành,974
101139,3,Cực Quyền Bạo Quân,Hoàn thành,690
101143,3,Nữ Nhân Của Ta Ngươi Không Chọc Nổi,Hoàn thành,1015
101145,3,Ta Vô Địch Mười Vạn Năm,Hoàn thành,529
101147,3,Marvel Chi Thanos Tiểu Đệ Đệ,Hoàn thành,778
101150,3,Địa Cầu Kỷ Nguyên,Hoàn thành,464
101154,3,Hồng Hoang Chi Nguyên Thủy Cổ Xà,Hoàn thành,1662
101160,3,Siêu Cấp Thương Nghiệp Đế Quốc,Hoàn thành,535
101161,3,Nghịch Loạn Càn Khôn,Hoàn thành,1548
101175,3,Võ Cực Thần Vương,Hoàn thành,1741
101177,3,Cuồng Kiếm Vũ Thần,Hoàn thành,952
101179,3,Long Vũ Kiếm Thần,Hoàn thành,1473
101180,3,Thiên Đạo Kiếm Thần,Hoàn thành,470
101183,3,Bại Gia Đặc Chủng Binh,Hoàn thành,973
101184,3,Cưa Đổ Thượng Thần Băng Lãnh,Hoàn thành,2059
101185,3,Thái Thượng Kiếm Tôn,Hoàn thành,1533
101187,3,Băng Cực Thần Hoàng,Hoàn thành,1119
101188,3,Cầu Ma Diệt Thần,Hoàn thành,1169
101190,3,Sát Thần Chi Thần,Hoàn thành,1078
101191,3,Thiên Phú Võ Thần,Hoàn thành,1715
101192,3,Vô Địch Từ Max Cấp Thuộc Tính Bắt Đầu,Hoàn thành,1528
101193,3,Đan Điền Của Ta Là Địa Cầu,Hoàn thành,910
101196,3,Sống Lại Làm Tiểu Người Chơi,Hoàn thành,857
101197,3,Siêu Cấp Vi Tín,Hoàn thành,1015
101198,3,Đại Tiểu Thư Mạnh Nhất Bảo Tiêu,Hoàn thành,989
101199,3,Làng Giải Trí Hỏa Bạo Thiên Vương,Hoàn thành,750
101202,3,Sinh Tồn: Tuyển Vương Trò Chơi,Hoàn thành,1427
101204,3,Mạnh Nhất Trong Lịch Sử Giao Lưu Nhóm,Hoàn thành,692
101205,3,Tân Thủ Thôn Thôn Trưởng,Hoàn thành,600
101206,3,Giải Trí Chí Tôn Vú Em,Hoàn thành,1197
101207,3,Ta Là Great Old One,Hoàn thành,941
101208,3,Ta Ba Ngàn Năm Luyện Khí,Hoàn thành,594
101209,3,Siêu Thần May Mắn Thăng Cấp Hệ Thống,Hoàn thành,1115
101210,3,Thần Cấp Phản Phái Hệ Thống,Hoàn thành,1284
101215,3,Biến Thân Ở Dc Thế Giới,Hoàn thành,1082
101216,3,Nữ Trang Hằng Ngày,Hoàn thành,450
101217,3,Biến Thân Xuyên Qua Cửu Vĩ Hồ Tiên,Hoàn thành,655
101218,3,Tokisaki Kurumi Vị Diện Chi Lữ,Hoàn thành,1094
101219,3,Biến Thân Khuynh Thành Nữ Thần,Hoàn thành,519
101220,3,Biến Thân Ở Marvel Thế Giới,Hoàn thành,1483
101222,3,Đêm Tẫn Phu Quân Về,Hoàn thành,462
101223,3,Hàn Ngu Chi Mộng,Hoàn thành,828
101227,3,Lược Thiên Ký,Hoàn thành,1805
101228,3,Cửu Tôn Thần Ấn,Hoàn thành,1286
101229,3,Mạnh Nhất Long Ngạo Thiên,Hoàn thành,612
101230,3,Võng Du Chi Thiên Trận,Hoàn thành,770
101231,3,Ác Ma Trận Doanh,Hoàn thành,1037
101232,3,Diệu Thủ Tiểu Tiên Y,Hoàn thành,1050
101233,3,Em Gái Của Ta Là Idol,Hoàn thành,1478
101234,3,Tận Thế Chi Vô Thượng Vương Tọa,Hoàn thành,1094
101235,3,Võng Du Chi Thần Cấp Luyện Yêu Sư,Hoàn thành,1039
101236,3,Cửu Ấn Thần Hoàng,Hoàn thành,557
101237,3,Tận Thế Biên Giới,Hoàn thành,1919
101238,3,Mở Cái Hồng Bao Này,Hoàn thành,691
101239,3,Võng Du Chi Thiên Hạ Đệ Nhất,Hoàn thành,1433
101240,3,Vạn Cổ Long Đế,Hoàn thành,1300
101241,3,Thần Nguyên Thiên Hạ,Hoàn thành,935
101242,3,Toàn Năng Danh Sư Hệ Thống,Hoàn thành,764
101244,3,Thần Cấp Mỹ Thực Chủ Bá,Hoàn thành,1924
101245,3,Thần Sủng Tiến Hóa,Hoàn thành,850
101247,3,Siêu Thần Đại Quản Gia,Hoàn thành,689
101250,3,Văn Ngu Bất Hủ,Hoàn thành,1045
101251,3,Vô Thượng,Hoàn thành,579
101253,3,Ta Tuyệt Sắc Nữ Hoàng,Hoàn thành,553
101254,3,Văn Ngu Đế Quốc,Hoàn thành,910
101256,3,Tận Thế Vi Vương,Hoàn thành,1218
101257,3,Đi Lệch Đường Ma Pháp Sư,Hoàn thành,600
101261,3,Võng Du Tận Thế Toàn Chức Đại Sư,Hoàn thành,711
101270,3,Đả Quái Thăng Cấp Tại Đô Thị,Hoàn thành,465
101274,3,Thái Cổ Thần Vương,Hoàn thành,2049
101277,3,Tuyết Trung Hãn Đao Hành,Hoàn thành,997
101278,3,Ác Ma Lồng Giam,Hoàn thành,1851
101280,3,Phù Trấn Khung Thương,Hoàn thành,1257
101281,3,Ta Có Nhà Tại Dị Giới,Hoàn thành,1213
101282,3,Vạn Giới Live Stream  Chi Đại Thổ Hào,Hoàn thành,889
101283,3,Siêu Cấp Thẻ Bài Hệ Thống,Hoàn thành,840
101285,3,Giáng Lâm 1994,Hoàn thành,652
101287,3,Vô Hạn Chi Hắc Ám Thế Lực Quật Khởi,Hoàn thành,1396
101288,3,Ky Phá Tinh Hà,Hoàn thành,1655
101289,3,S.h.i.e.l.d Tân Tấn Nhân Viên,Hoàn thành,578
101291,3,Tham Thiên,Hoàn thành,664
101292,3,Hokage Họa Hại,Hoàn thành,681
101293,3,Của Ta Thần Cấp Alipay,Hoàn thành,665
101295,3,Quỷ Dị Tái Sinh Chi Địa Ngục Trò Chơi,Hoàn thành,483
101297,3,Thất Giới Sát Thần,Hoàn thành,753
101298,3,Ta Là Thế Giới Thụ,Hoàn thành,622
101299,3,Sát Phật Thánh Tổ,Hoàn thành,2285
101300,3,Vạn Long Thần Tôn,Hoàn thành,2687
101301,3,Thiên Hình Kỷ,Hoàn thành,1550
101302,3,Sát Võ Kiếm Đế,Hoàn thành,1414
101303,3,Thiên Khung Yêu Tổ,Hoàn thành,1504
101304,3,Kiếm Đến,Hoàn thành,1627
101305,3,Bình Thiên Sách,Hoàn thành,1200
101306,3,Manh Manh Cô Vợ Nhỏ,Hoàn thành,660
101307,3,Hồn Võ Đấu Hoàng,Hoàn thành,1161
101308,3,Đại Vương Tha Mạng,Hoàn thành,1331
101309,3,Nghịch Loạn Thiên Cổ,Hoàn thành,636
101310,3,Huyết Sát Thiên Ma,Hoàn thành,579
101311,3,Vạn Cổ Võ Quân,Hoàn thành,1115
101312,3,Mỹ Nữ Tổng Tài Thiếp Thân Cao Thủ,Hoàn thành,1878
101314,3,Vạn Tiên Vương Tọa,Hoàn thành,1605
101315,3,Âm Dương Sách,Hoàn thành,1364
101317,3,Trong Marvel Thế Giới Ghost,Hoàn thành,462
101318,3,Vương Giả Phong Bạo,Hoàn thành,2631
101320,3,Millwall Thiếu Soái,Hoàn thành,1213
101321,3,Sơn Hải Vũ Hoàng Ký,Hoàn thành,792
101322,3,Siêu Cấp Tiên Đoán Đại Sư,Hoàn thành,658
101324,3,Lui Về Phía Sau Để Vi Sư Tới,Hoàn thành,930
101325,3,Đại Hiệp Tiêu Kim Diễn,Hoàn thành,520
101326,3,Cùng Ronaldo Đồng Thời Đá Bóng Thời Gian,Hoàn thành,640
101327,3,Thảm Cỏ Xanh Người Biểu Diễn,Hoàn thành,1091
101328,3,Qủy Đỏ Người Kế Thừa,Hoàn thành,1351
101329,3,Ta Là Phía Sau Màn Lão Đại,Hoàn thành,841
101330,3,Tử Vong Đoàn Tàu,Hoàn thành,2055
101332,3,Ma Thiên,Hoàn thành,2625
101333,3,Siêu Phàm David,Hoàn thành,1321
101334,3,Đại Phù Triện Sư,Hoàn thành,694
101336,3,Chăn Nuôi Toàn Nhân Loại,Hoàn thành,1467
101337,3,Minh Mạt Kỹ Sư,Hoàn thành,1143
101341,3,Ta Có Thể Biến Thành Cá,Hoàn thành,605
101342,3,Nhất Đao Phách Khai Sinh Tử Lộ,Hoàn thành,769
101343,3,Ta Là Đại Người Chơi,Hoàn thành,697
101345,3,Đại Tống Tướng Môn,Hoàn thành,1150
101347,3,Vạn Giới Thiên Tôn,Hoàn thành,1581
101348,3,Gien Tối Cường,Hoàn thành,880
101349,3,Vô Cương,Hoàn thành,1168
101350,3,Ta Là Vardy,Hoàn thành,827
101351,3,Thắng Giả Vi Vương,Hoàn thành,1365
101353,3,Hồn Chiến Thánh Đế,Hoàn thành,513
101354,3,Huyền Giới Công Ty Du Lịch,Hoàn thành,979
101355,3,Ngược Dòng Hồn Nhiên Những Năm Tháng,Hoàn thành,784
101356,3,Tiêu Diêu Mộng Lộ,Hoàn thành,1182
101357,3,Biến Thân Người Qua Đường Nữ Chính,Hoàn thành,790
101358,3,Cơ Thể Ta Có Bug,Hoàn thành,1222
101359,3,Thiên Cửu Vương,Hoàn thành,465
101361,3,Quán Quân Chi Tâm,Hoàn thành,1153
101362,3,Chẳng Lẽ Ta Là Thần,Hoàn thành,1119
101363,3,Vạn Thánh Kỷ,Hoàn thành,465
101364,3,Cấm Khu Chi Hùng,Hoàn thành,1549
101367,3,Inuyasha Chi Dạ Phong Đô,Hoàn thành,472
101368,3,Hoan Nghênh Đi Vào Boss Đội,Hoàn thành,554
101369,3,Ta Là Tiên Phàm,Hoàn thành,840
101371,3,Vạn Cổ Đệ Nhất Đế,Hoàn thành,1179
101372,3,Trù Đạo Tiên Đồ,Hoàn thành,697
101373,3,Đấu Phá Chi Dược Phong,Hoàn thành,621
101374,3,Pokemon Chi Bất Tử Điểu,Hoàn thành,578
101375,3,Tù Trưởng Đừng Đánh Mặt,Hoàn thành,494
101378,3,Điểm Đạo Vi Chỉ,Hoàn thành,948
101379,3,Thần Thoại Cấm Khu,Hoàn thành,913
101380,3,Quỷ Bí Chi Chủ,Hoàn thành,1412
101381,3,Đô Thị Chi Tiên Tôn Trọng Sinh,Hoàn thành,1238
101382,3,Bình Minh Chi Kiếm,Hoàn thành,1596
101383,3,Thiên Kiếm Thần Đế,Hoàn thành,849
101385,3,Thiên Hạ Đệ Nhất Kiếm Đạo,Hoàn thành,736
101386,3,Vạn Yêu Đế Chủ,Hoàn thành,919
101389,3,Tạo Mộng Thiên Sư,Hoàn thành,816
101390,3,Đô Thị Tối Cường Nghịch Thiên Chúa Tể,Hoàn thành,610
101391,3,Kỳ Tích Triệu Hoán Sư,Hoàn thành,2597
101396,3,Quật Khởi Thức Tỉnh Thời Đại,Hoàn thành,1274
101397,3,Sư Thúc Vô Địch,Hoàn thành,472
101400,3,Tu La Thiên Đế Quyết,Hoàn thành,1528
101403,3,Đấu La Đại Lục Iv Chung Cực Đấu La,Hoàn thành,1792
101405,3,Trường Sinh Chủng,Hoàn thành,1090
101408,3,Vô Địch Từ Thức Tỉnh Bắt Đầu,Hoàn thành,544
101410,3,Ta Chỉ Muốn An Tĩnh Chơi Game,Hoàn thành,1902
101411,3,Chư Thần Du Hí,Hoàn thành,694
101412,3,Siêu Phàm Bình Minh,Hoàn thành,859
101414,3,Chế Tạo Siêu Huyền Huyễn Thế Giới,Hoàn thành,671
101416,3,Tên Đầu Trọc Này Rất Nguy Hiểm,Hoàn thành,1124
101417,3,Vô Thượng Đế Tôn,Hoàn thành,1824
101422,3,Võ Đạo Độc Tôn,Hoàn thành,1056
101424,3,Thông U Đại Thánh,Hoàn thành,584
101425,3,Vạn Thiên Chi Tâm,Hoàn thành,497
101426,3,Vạn Tộc Chi Kiếp,Hoàn thành,976
101429,3,Ta Thật Không Phải Đại Ma Vương,Hoàn thành,1151
101435,3,Tiên Phệ,Hoàn thành,1309
101437,3,Ma Pháp Nông Phu,Hoàn thành,805
101438,3,Mạt Thế Chi Toàn Năng Đại Sư,Hoàn thành,1088
101439,3,Nhất Quyền Trù Thần,Hoàn thành,521
101444,3,Hokage Trung Học Tập Đại Sư,Hoàn thành,474
101447,3,Chư Giới Tận Thế Online,Hoàn thành,2212
101449,3,Siêu Thần Thiên Tài Hệ Thống,Hoàn thành,598
101452,3,Siêu Thần Sủng Thú Cửa Hàng,Hoàn thành,1426
101454,3,Ban Sơ Tiến Hóa,Hoàn thành,2467
101458,3,Tổ Tông Trên Cao,Hoàn thành,492
101462,3,Siêu Thần Cơ Giới Quân Đoàn,Hoàn thành,855
101469,3,Luân Hồi Đại Kiếp Chủ,Hoàn thành,500
101470,3,Ngự Cửu Thiên,Hoàn thành,619
101471,3,Đại Đạo Tranh Phong,Hoàn thành,2319
101473,3,Phần Thiên Chi Nộ,Hoàn thành,2240
101474,3,Thái Thượng Chương,Hoàn thành,1065
101476,3,Phong Ấn Tiên Tôn,Hoàn thành,1069
101481,3,Siêu Thần Chế Tạp Sư,Hoàn thành,786
101482,3,Ta Thật Không Phải Là Tiên Nhị Đại,Hoàn thành,1000
101483,3,Thần Hào Không Cực Hạn,Hoàn thành,848
101484,3,Mộng Tưởng Là Vua,Hoàn thành,801
101485,3,Hồng Hoang Thần Tôn,Hoàn thành,722
101486,3,Vô Tận Ma Diễm,Hoàn thành,458
101487,3,Đạo Môn Pháp Tắc,Hoàn thành,1650
101488,3,Trọng Sinh Thương Nghiệp Ông Trùm,Hoàn thành,660
101490,3,Thiên Hạ Kiếm Tông,Hoàn thành,2469
101491,3,Lục Tích Chi Tinh Hà Sáng Thế,Hoàn thành,669
101492,3,Bất Động Sản Đại Ngoạn Gia,Hoàn thành,1231
101493,3,Chúng Thần Hàng Lâm,Hoàn thành,988
101495,3,Chiến Chùy Thần Tọa,Hoàn thành,1385
101497,3,Thành Thần Từ Nguyên Thủy Bộ Lạc Bắt Đầu,Hoàn thành,761
101498,3,Ta Một Ngày Có 48 Giờ,Hoàn thành,1450
101499,3,Hàng Lâm Chư Thiên,Hoàn thành,931
101500,3,Ta Đế Quốc,Hoàn thành,1689
101505,3,Khoa Học Kỹ Thuật Toàn Cầu Lũng Đoạn,Hoàn thành,1028
101508,3,Ta Làm Sao Lên Làm Hoàng Đế,Hoàn thành,1302
101512,3,Thứ Tộc Vô Danh,Hoàn thành,736
101514,3,Vạn Giới Giải Mộng Sư,Hoàn thành,1118
101522,3,Hải Tặc Chi Người Chết Ngục Giam,Hoàn thành,537
101536,3,Ta Có Một Đám Địa Cầu Người Chơi,Hoàn thành,2167
101543,3,Dịch Đỉnh,Hoàn thành,651
101546,3,Ác Ma Đảo,Hoàn thành,530
101549,3,Cực Phẩm Toàn Năng Y Tiên,Hoàn thành,1136
101550,3,Mạt Thế Lưu Lạc Cẩu,Hoàn thành,1413
101551,3,Tiên Mệnh Trường Sinh,Hoàn thành,1493
101554,3,Vạn Giới Cộng Hưởng Hệ Thống,Hoàn thành,703
101555,3,Tối Cường Vạn Giới Đại Xuyên Việt,Hoàn thành,739
101556,3,Trọng Sinh Chi Độc Bộ Giang Hồ,Hoàn thành,1074
101557,3,Tuyệt Thế Thiên Quân,Hoàn thành,1196
101558,3,Chí Tôn Long Thần Hệ Thống,Hoàn thành,1816
101559,3,Chiến Thần Chi Vương,Hoàn thành,1290
101560,3,Từ Tiên Giới Trở Về Trù Thần,Hoàn thành,728
101561,3,Tu Tiên Ở Địa Cầu,Hoàn thành,910
101562,3,Bất Diệt Kiếm Quân,Hoàn thành,1085
101563,3,Hỗn Độn Thần Linh Quyết,Hoàn thành,499
101564,3,Vô Hạn Thăng Cấp Tối Cường Vũ Hồn,Hoàn thành,1415
101566,3,Đế Quân Tử Vong,Hoàn thành,2314
101567,3,Tuyệt Thế Hồn Tôn,Hoàn thành,886
101570,3,Tuyệt Thế Võ Đế,Hoàn thành,1059
101571,3,Tu Chân Trở Về,Hoàn thành,818
101572,3,Cửu Hồn Long Đế,Hoàn thành,1075
101573,3,Ta Muốn Vĩnh Sinh,Hoàn thành,484
101574,3,Trọng Sinh Chi Sát Lục Tung Hoành,Hoàn thành,1838
101576,3,Bất Diệt Tinh Chủ,Hoàn thành,1901
101577,3,Trọng Sinh Đô Thị Chí Tôn,Hoàn thành,1841
101578,3,Thanh Thiên Yêu,Hoàn thành,1222
101580,3,Lôi Đình Chi Chủ,Hoàn thành,1182
101582,3,Yêu Nghiệt Tiên Hoàng Tại Đô Thị,Hoàn thành,1808
101583,3,Vô Địch Tiên Vương,Hoàn thành,545
101585,3,Hải Tặc Chi Vô Hạn Điểm Kỹ Năng,Hoàn thành,698
101596,3,Pokemon Nhà Thám Hiểm,Hoàn thành,707
101602,3,Pokemon Siêu Cấp Hệ Thống,Hoàn thành,502
101603,3,Ta Tại Tận Thế Nhặt Bảo Rương,Hoàn thành,541
101605,3,Là Nam Nhân Phải Sống Qua 999 Ngày,Hoàn thành,639
101607,3,Huyền Huyễn Chi Bản Tôn Đạo Huyền,Hoàn thành,573
101610,3,Từ Đấu Phá Bắt Đầu Làm Cá Mặn,Hoàn thành,522
101624,3,Tối Cường Trang Bức Đả Kiểm Hệ Thống,Hoàn thành,1901
101625,3,Võ Hiệp Thế Giới Luân Hồi Giả,Hoàn thành,717
101627,3,Tinh Ngục Tù Võ,Hoàn thành,527
101629,3,Thần Y Như Khuynh,Hoàn thành,2000
101630,3,Đúng Là Ta Mạnh Như Vậy,Hoàn thành,1492
101631,3,Hồng Hoang Chi Minh Hoàng,Hoàn thành,615
101633,3,Quỷ Chú,Hoàn thành,2432
101634,3,Chúa Tể Tinh Hà,Hoàn thành,2355
101637,3,Kiếm Tiên Ở Đây,Hoàn thành,1961
101641,3,Lmht Vô Địch Rút Thưởng Hệ Thống,Hoàn thành,2659
101642,3,Hoàn Mỹ Cơ Giáp Kiếm Thần,Hoàn thành,681
101643,3,Hoàn Khố Khí Thiếu,Hoàn thành,1220
101644,3,Vô Địch Tu Tiên Thăng Cấp Hệ Thống,Hoàn thành,627
101647,3,Mua Căn Biệt Thự Thu Phế Liệu,Hoàn thành,547
101648,3,Clash Of Clans Chi Lĩnh Chủ Hệ Thống,Hoàn thành,485
101650,3,Hào Môn Ẩn Hôn: Phúc Hắc Tổng Tài Nuông Chiều Bà Xã,Hoàn thành,1656
101651,3,Siêu Cấp Buôn Lậu Hệ Thống,Hoàn thành,613
101652,3,Marvel Chi Hokage Ninjia Phiêu Lưu Ký,Hoàn thành,535
101653,3,Trọng Sinh Tối Cường Yêu Thú,Hoàn thành,1379
101654,3,Lưỡng Giới Người Vận Chuyển,Hoàn thành,1331
101656,3,Trạch Nam Quật Khởi,Hoàn thành,599
101657,3,Tương Lai Nói Chuyện Phiếm Quần,Hoàn thành,892
101658,3,Vô Thượng Thánh Thiên,Hoàn thành,761
101659,3,Vạn Thế Trinh Đế,Hoàn thành,1046
101660,3,Tiên Nữ Rút Thưởng Hệ Thống,Hoàn thành,937
101661,3,Chí Tôn Võ Thần Hệ Thống,Hoàn thành,1094
101662,3,Của Ta Cực Phẩm Nữ Thôn Trưởng,Hoàn thành,1033
101663,3,Đô Thị Huyết Thần,Hoàn thành,603
101664,3,Dị Giới Phong Thần Hệ Thống,Hoàn thành,686
101665,3,Đô Thị Cực Phẩm Cao Thủ,Hoàn thành,1215
101667,3,Trọng Sinh Tối Cường Trang Bức Hệ Thống,Hoàn thành,960
101669,3,Pokemon Chi Ta Có Thể Nhặt Điểm Kinh Nghiệm,Hoàn thành,964
101672,3,Tối Cường Chưởng Môn Hối Đoái Hệ Thống,Hoàn thành,779
101673,3,Ác Linh Quốc Gia,Hoàn thành,1653
101674,3,Tối Cường Khủng Bố Hệ Thống,Hoàn thành,719
101675,3,Cuộc Xâm Lược Văn Hóa Ở Thế Giới Khác,Hoàn thành,1091
101676,3,Ta Tu Có Thể Là Giả Tiên,Hoàn thành,2394
101677,3,Sát Thần Vĩnh Sinh,Hoàn thành,2000
101678,3,Khoa Học Thần Giáo,Hoàn thành,530
101680,3,Sử Thượng Tối Cường Miệng Thối,Hoàn thành,773
101682,3,Hải Tặc Chi Khống Chế Vector,Hoàn thành,633
101684,3,Văn Ngu Đại Lão Tự Mình Dưỡng Thành,Hoàn thành,540
101686,3,Ở Tu Chân Thế Giới Viết Tiểu Thuyết,Hoàn thành,999
101687,3,Cực Cụ Khủng Bố,Hoàn thành,1077
101688,3,Luyện Cấp Cuồng Ma,Hoàn thành,1102
101689,3,Buông Ra Cái Kia Người Nguyên Thủy,Hoàn thành,1032
101691,3,Ta Cơ Hữu Biến Thành Muội,Hoàn thành,881
101692,3,Khủng Bố Lệnh Truy Nã,Hoàn thành,529
101694,3,Tiên Hiệp Thế Giới Internet,Hoàn thành,947
101695,3,Thái Cổ Chí Tôn Thần,Hoàn thành,2556
101696,3,Nghịch Thiên Thần Tôn,Hoàn thành,1312
101697,3,Trời Sinh Xui Xẻo Trứng,Hoàn thành,846
101698,3,Ma Diễm Thương Khung,Hoàn thành,596
101700,3,Hải Tặc Chi Hóa Thân Vì Lôi,Hoàn thành,671
101701,3,Vô Tội Mưu Sát,Hoàn thành,815
101702,3,Hải Tặc Vương Chi Đấm Phát Chết Luôn,Hoàn thành,495
101703,3,Chư Thiên Ký,Hoàn thành,2072
101704,3,Ta Ấu Thuần Nhiễm Mới Không Phải Nữ Thần,Hoàn thành,483
101705,3,Ta Mỹ Nữ Đại Tiểu Thư,Hoàn thành,521
101707,3,Thiên Đình Quán Net,Hoàn thành,637
101709,3,Những Năm Đó Ta Làm Đạo Sĩ,Hoàn thành,1449
101712,3,Siêu Cấp Ăn Cướp Sấm Tiên Giới,Hoàn thành,1059
101715,3,Thục Sơn Kiếm Tông Hệ Thống,Hoàn thành,1512
101716,3,Bạo Sủng Cuồng Thê: Thần Y Ngũ Tiểu Thư,Hoàn thành,2311
101720,3,Ta Phá Án Ở Địa Phủ,Hoàn thành,829
101723,3,Ta Thừa Kế Ác Quỷ Phòng,Hoàn thành,838
101724,3,Nhật Ký Phát Sóng Trực Tiếp Làm Quỷ Sai,Hoàn thành,923
101725,3,Câu Lạc Bộ Ác Quỷ,Hoàn thành,572
101726,3,Họa Thánh,Hoàn thành,979
101727,3,Đạo Thánh,Hoàn thành,1803
101728,3,Văn Ngu Tân Quý,Hoàn thành,1129
101730,3,Ba Nghìn Kiếm Giới,Hoàn thành,758
101732,3,Đại Đường Hảo Đại Ca,Hoàn thành,562
101734,3,Võng Du Chi Gấp Trăm Lần Sát Thương,Hoàn thành,1030
101735,3,Siêu Cấp Vô Hạn Nạp Tiền Hệ Thống,Hoàn thành,519
101736,3,Đại Đường Chi Thần Cấp Phò Mã Gia,Hoàn thành,1344
101737,3,Sử Thượng Tối Ngưu Tông Môn,Hoàn thành,934
101743,3,Tối Cường Vận Đen Thăng Cấp Hệ Thống,Hoàn thành,1068
101745,3,Từ Kẻ Chép Văn Đến Toàn Đại Lục Siêu Sao,Hoàn thành,680
101748,3,Tiên Dược Cung Ứng Thương,Hoàn thành,1008
101752,3,Diamond No Ace Mạnh Nhất Batter,Hoàn thành,1009
101754,3,Hokage Ác Ma Pháp Tắc,Hoàn thành,665
101755,3,Hokage Chi Choutetsu Senmei,Hoàn thành,633
101757,3,Diamond No Ace Toàn Năng Tuyển Thủ,Hoàn thành,1140
101758,3,Slamdunk Chi Kiên Kết Trục Mộng,Hoàn thành,1093
101760,3,Mang Theo Mộng Ảo Hệ Thống Xông Hỏa Ảnh,Hoàn thành,618
101761,3,Thiên Đình Đào Bảo Điểm,Hoàn thành,1036
101766,3,Conan Chi Khai Môn Ta Là Cảnh Sát,Hoàn thành,459
101768,3,Vô Hạn Anime Lữ Tục,Hoàn thành,570
101769,3,Nãi Ba Văn Nghệ Nhân Sinh,Hoàn thành,1299
101770,3,Đô Thị Kiêu Hùng Hệ Thống,Hoàn thành,2049
101771,3,Không Làm Tiểu Minh Tinh,Hoàn thành,954
101775,3,Diamond No Ace Chi Pitcher Trở Về,Hoàn thành,2341
101776,3,Thần Kỳ Cửa Hàng Rèn,Hoàn thành,452
101778,3,Long Châu Chi Tiến Công Raditz,Hoàn thành,595
101779,3,Ta Ở Tiên Hiệp Có Gian Khách Sạn,Hoàn thành,714
101780,3,Du Nhàn Long Sinh,Hoàn thành,888
101781,3,Mộng Du Chư Giới,Hoàn thành,980
101782,3,Tận Thế Chi Siêu Thị Hệ Thống,Hoàn thành,608
101783,3,Toàn Năng Trang Viên,Hoàn thành,1578
101785,3,Toàn Năng Siêu Sao Vú Em,Hoàn thành,834
101787,3,Ta Không Phải Đại Minh Tinh A,Hoàn thành,644
101788,3,Hắc Khoa Học Kỹ Thuật Trung Tâm Nghiên Cứu,Hoàn thành,1167
101789,3,Điện Ảnh Học Tập Hệ Thống,Hoàn thành,732
101790,3,Đấu Phá Chi Truyền Kỳ Tái Khởi,Hoàn thành,1131
101792,3,Vũ Trụ Tối Cường Tạo Thần Hệ Thống,Hoàn thành,681
101793,3,Red Ribbon Army Hành Trình,Hoàn thành,634
101794,3,Óng Ánh Ace,Hoàn thành,2136
101795,3,Hero Academia Mạnh Nhất Kousei,Hoàn thành,473
101796,3,Học Bá Cũng Mở Hack,Hoàn thành,780
101799,3,Ta Giả Vờ Có Dị Năng,Hoàn thành,736
101800,3,Các Ngươi Nhị Thứ Nguyên Thật Biết Chơi,Hoàn thành,686
101802,3,Hải Tặc Chi Hải Quân Lôi Thần,Hoàn thành,965
101803,3,Hải Tặc Chi Đại Tướng Akainu,Hoàn thành,535
101804,3,Mang Theo Hokage Trọng Sinh Nhật Bản Tokyo,Hoàn thành,938
101806,3,Hải Tặc Chi Quỵt Cơm Quỷ Đói,Hoàn thành,491
101807,3,Trái Ác Quỷ Nhà Cung Cấp,Hoàn thành,1046
101808,3,Vô Hạn Thôn Phệ Chi Trọng Sinh Lão Hổ,Hoàn thành,509
101809,3,Shokugeki Ta Có Vạn Giới Nguyên Liệu Nấu Ăn,Hoàn thành,473
101810,3,Ta Thật Không Muốn Trọng Sinh A,Hoàn thành,1080
101811,3,Chư Thiên Mạnh Nhất Đại Boss,Hoàn thành,879
101813,3,Giới Bóng Rổ Chi Khắc Kim Vô Địch,Hoàn thành,1394
101815,3,Nhị Thứ Nguyên Người Sáng Lập,Hoàn thành,538
101816,3,Hogwarts Huyết Mạch Vu Sư,Hoàn thành,1015
101817,3,Tối Cường Đại Thần Chủ Hệ Thống,Hoàn thành,1084
101819,3,Trọng Sinh Nhật Bản Làm Thần Quan,Hoàn thành,1478
101821,3,Tinh Túc Đại Sư Huynh,Hoàn thành,1212
101822,3,Tây Du Chi Bát Giới Toàn Năng Hệ Thống,Hoàn thành,1319
101823,3,Tuyệt Thế Chúa Tể,Hoàn thành,1028
101825,3,Siêu Cấp Yêu Hầu Xông Tây Du,Hoàn thành,727
101826,3,Tối Cường Cuồng Bạo Chiến Đế,Hoàn thành,712
101827,3,Phẫn Nộ Thi Huynh,Hoàn thành,660
101829,3,Vô Địch Bắt Quỷ Hệ Thống,Hoàn thành,1049
101830,3,Manga Anime Anh Hùng Vs Tu Tiên Liên Minh,Hoàn thành,570
101831,3,Hải Tặc Vương Chi Công Phu Chi Vương,Hoàn thành,993
101834,3,Hỏa Ảnh Mạnh Nhất Dung Độn,Hoàn thành,631
101835,3,Vô Địch Chi Du Nhàn,Hoàn thành,558
101837,3,Tàn Phá Hỏa Ảnh,Hoàn thành,474
101839,3,Vạn Vực Tà Đế,Hoàn thành,840
101841,3,Hải Tặc Chi Lôi Thần Hàng Lâm,Hoàn thành,457
101845,3,Võ Hồn Thí Thiên,Hoàn thành,2038
101851,3,Thần Tiên Đào Bảo Điếm,Hoàn thành,872
101852,3,Ta Tiên Nữ Đại Lão Bà,Hoàn thành,624
101853,3,Hàn Ngu Chi Khác Loại Đại Minh Tinh,Hoàn thành,1277
101855,3,Ta Võ Hồn Là Ác Ma Quả Thực,Hoàn thành,558
101857,3,Cửu Chuyển Thần Ma,Hoàn thành,625
101861,3,Hokage Chi Gory Ryujiri,Hoàn thành,657
101862,3,Chí Tôn Thần Mộ Hệ Thống,Hoàn thành,477
101866,3,Cực Phẩm Đấu Tôn,Hoàn thành,580
101867,3,Dị Giới Sảng Nhất Hệ Thống,Hoàn thành,557
101870,3,Long Phi Phách Võ,Hoàn thành,643
101872,3,Thái Cổ Võ Thần,Hoàn thành,493
101873,3,High School Dxd Chi Vô Tận Cướp Đoạt,Hoàn thành,674
101876,3,Huyền Huyễn Chi Thái Hư Thần Đế,Hoàn thành,653
101880,3,Hokage Cuồng Nhân,Hoàn thành,1332
101882,3,Tống Mạn Trọng Sinh Sôn Gô Han,Hoàn thành,570
101884,3,Hải Tặc Vương Chi Làm Theo Ý Mình,Hoàn thành,842
101892,3,Mạnh Nhất Tôn Ngộ Không,Hoàn thành,597
101894,3,Tống Mạn Chi Ái Sát Hồng Nhan,Hoàn thành,789
100234,2,Trọng Sinh Tây Du Chi Nghịch Thiên Hệ Thống,Hoàn thành,623
100336,2,Đô Thị Thần Tài,Hoàn thành,757
100471,2,Khoan Thai Sơn Trang,Hoàn thành,751
100902,2,Đại Đường Tướng Công Tốt,Hoàn thành,2737
100918,2,Tự Tại Nước Mỹ Cuộc Sống Điền Viên,Hoàn thành,784
101037,2,Võ Đạo Tông Sư,Hoàn thành,745
101140,2,Gia Miện Vi Vương,Hoàn thành,624
101812,2,Thua Lỗ Thành Thủ Phủ Từ Trò Chơi,Hoàn thành,1677
101863,2,Nhẫn Giả Chiêu Mộ Đại Sư,Hoàn thành,788
100317,1,Thiên Y Phượng Cửu,Hoàn thành,5272
100319,1,Cửu Chuyển Đạo Kinh,Hoàn thành,3992
100350,1,Cuồng Võ Thần Đế,Hoàn thành,4055
100358,1,Vô Thượng Sát Thần,Hoàn thành,5515
100364,1,Thôn Thiên Long Vương,Hoàn thành,3155
100365,1,Vạn Đạo Long Hoàng,Hoàn thành,6015
100366,1,Linh Võ Đế Tôn,Hoàn thành,4074
100368,1,Chung Cực Toàn Năng Học Sinh,Hoàn thành,3359
100383,1,Vũ Luyện Điên Phong,Hoàn thành,6003
100384,1,Vô Địch Thiên Hạ,Hoàn thành,3754
100386,1,Đế Bá,Hoàn thành,7204
100422,1,Phục Thiên Thị,Hoàn thành,2973
100441,1,Hồng Mông Thiên Đế,Hoàn thành,5625
100443,1,Võ Ánh Tam Thiên Đạo,Hoàn thành,3744
100538,1,Cuồng Võ Chiến Đế,Hoàn thành,3101
100539,1,Chí Tôn Kiếm Hoàng,Hoàn thành,2829
100541,1,Phế Vật Nghịch Thiên Tiểu Thư,Hoàn thành,7303
100543,1,Siêu Cấp Binh Vương,Hoàn thành,7610
100545,1,Đế Diệt Thương Khung,Hoàn thành,3605
100547,1,Sinh Tử Đan Tôn,Hoàn thành,2781
100555,1,Đế Phi Lâm Thiên,Hoàn thành,3145
100557,1,Mao Sơn Quỷ Vương,Hoàn thành,4296
100558,1,Cái Thế Đế Tôn,Hoàn thành,4264
100569,1,Kiếm Trung Tiên,Hoàn thành,2948
100601,1,Trọng Sinh Cửu Linh Lạt Thê Liêu Phu,Hoàn thành,3439
100613,1,Linh Kiếm Tôn,Hoàn thành,5421
100635,1,Văn Minh Chi Vạn Giới Lĩnh Chủ,Hoàn thành,5044
100702,1,Võ Đạo Bá Chủ,Hoàn thành,3272
100706,1,Siêu Thần Yêu Nghiệt,Hoàn thành,2770
100747,1,Điên Cuồng Hệ Thống Tăng Cấp,Hoàn thành,3012
100771,1,Thần Đạo Đan Tôn,Hoàn thành,4933
100772,1,Vô Địch Kiếm Vực,Hoàn thành,2794
100804,1,Ta Y Độc Mạnh Vô Địch,Hoàn thành,4867
100878,1,Đô Thị Tu Chân Y Thánh,Hoàn thành,4790
100882,1,Dị Năng Tiểu Thần Nông,Hoàn thành,6652
100890,1,Hương Thôn Thấu Thị Thần Y,Hoàn thành,2990
100898,1,Tiêu Diêu Tiểu Thần Côn,Hoàn thành,4252
100908,1,Livestream Giải Phẫu,Hoàn thành,2977
101013,1,Vô Thượng Thần Vương,Hoàn thành,4113
101017,1,Võ Thần Huyết Mạch,Hoàn thành,5340
101023,1,Thần Hồn Chí Tôn,Hoàn thành,4861
101024,1,Tu Sĩ Này Rất Nguy Hiểm.,Hoàn thành,3800
101028,1,Thần Võ Chiến Vương,Hoàn thành,4544
101033,1,Tối Cường Y Thánh,Hoàn thành,3860
101038,1,Thiên Thần Quyết,Hoàn thành,3600
101042,1,Vạn Cổ Đại Đế,Hoàn thành,3499
101048,1,Thần Võ Thiên Đế,Hoàn thành,3316
101050,1,Thiên Tài Cao Thủ,Hoàn thành,3099
101056,1,Thần Long Chiến,Hoàn thành,5514
101111,1,Tạo Hóa Chi Vương,Hoàn thành,3430
101114,1,Cửu Tiên Đồ,Hoàn thành,2851
101119,1,Ta Mỹ Nữ Băng Sơn Lão Bà,Hoàn thành,4288
101128,1,Thần Cấp Đại Ma Đầu,Hoàn thành,2963
101176,1,Tuyệt Thế Dược Thần,Hoàn thành,3118
101178,1,Vạn Đạo Kiếm Tôn,Hoàn thành,6490
101181,1,Mao Sơn Tróc Quỷ Nhân,Hoàn thành,3613
101203,1,Running Man Khôi Hài Cao Phú Soái,Hoàn thành,2859
101213,1,Từ Đại Thụ Bắt Đầu Tiến Hóa,Hoàn thành,4178
101271,1,Vũ Thần Thiên Hạ,Hoàn thành,3038
101273,1,Long Huyết Vũ Đế,Hoàn thành,5373
101276,1,Vũ Phá Cửu Hoang,Hoàn thành,6354
101279,1,Bất Diệt Chiến Thần,Hoàn thành,6163
101286,1,Vĩnh Hằng Thánh Vương,Hoàn thành,3379
101313,1,Nghịch Thiên,Hoàn thành,3234
101384,1,Yêu Long Cổ Đế,Hoàn thành,7386
101387,1,Tối Cường Hệ Thống Đế Hoàng,Hoàn thành,3210
101398,1,Nhất Kiếm Độc Tôn,Hoàn thành,3055
101432,1,Kiếm Đạo Đệ Nhất Tiên,Hoàn thành,3683
101436,1,Siêu Cấp Thần Cơ Nhân,Hoàn thành,3461
101455,1,Ngự Thú Tiến Hóa Thương,Hoàn thành,3623
101472,1,Võ Đạo Chí Tôn,Hoàn thành,3694
101475,1,Thông Thiên Vũ Tôn,Hoàn thành,3528
101568,1,Vạn Giới Võ Thần,Hoàn thành,2857
101628,1,Thiên Cổ Đế Hoàng,Hoàn thành,580
153589,1,"Nói Xấu Ta Là Tà Tu, Nhưng Có Thể Ta Thật Sự Là Tà Tu",Còn tiếp,30
153597,1,"Nhà Ta Trùng, Là Rồng",Còn tiếp,1
153598,1,Tu Tiên: Từ Thanh Trang Bị Bắt Đầu,Còn tiếp,104
153599,1,Chư Thiên: Tiểu Lý Phi Đao Bắt Đầu,Còn tiếp,109
